"","PESO","ALTURA"
"1",66,180
"2",70,170
"3",86,177
"4",65,168
"5",73,188
"6",61,172
"7",76,170
"8",70,170
"9",59,170
"10",72,175
"11",75,170
"12",65,170
"13",60,172
"14",64,178
"15",70,175
"16",74,170
"17",70,175
"18",78,170
"19",72,173
"20",65,170
"21",67,170
"22",73,184
"23",62,180
"24",75,180
"25",63,170
"26",84,183
"27",75,178
"28",71,180
"29",60,175
"30",80,175
"31",68,170
"32",60,174
"33",88,186
"34",81,176
"35",78,190
"36",61,172
"37",80,175
"38",91,178
"39",61,165
"40",65,165
"41",70,180
"42",78,179
"43",87,183
"44",73,170
"45",86,180
"46",74,180
"47",70,180
"48",92,177
"49",67,180
"50",58,170
"51",65,175
"52",85,175
"53",66,185
"54",75,173
"55",56,170
"56",65,178
"57",90,169
"58",55,171
"59",61,175
"60",68,171
"61",70,170
"62",94,175
"63",61,180
"64",95,183
"65",71,170
"66",76,175
"67",80,180
"68",90,191
"69",69,175
"70",55,178
"71",85,177
"72",77,178
"73",59,171
"74",70,173
"75",92,180
"76",78,179
"77",80,180
"78",74,170
"79",75,185
"80",55,170
"81",70,170
"82",69,183
"83",92,178
"84",72,170
"85",80,172
"86",65,174
"87",68,187
"88",70,181
"89",60,164
"90",58,170
"91",90,170
"92",70,175
"93",58,160
"94",67,180
"95",61,171
"96",100,172
"97",68,175
"98",76,175
"99",95,189
"100",83,179
"101",58,171
"102",80,182
"103",75,187
"104",60,166
"105",74,169
"106",75,170
"107",60,168
"108",55,168
"109",70,175
"110",55,168
"111",90,180
"112",62,170
"113",90,170
"114",78,185
"115",73,175
"116",58,163
"117",75,170
"118",80,182
"119",60,175
"120",60,174
"121",78,184
"122",59,180
"123",79,180
"124",60,174
"125",71,172
"126",78,176
"127",71,170
"128",70,170
"129",70,170
"130",75,177
"131",67,172
"132",85,170
"133",85,175
"134",87,175
"135",75,183
"136",76,175
"137",84,189
"138",70,169
"139",85,170
"140",64,170
"141",100,175
"142",64,180
"143",94,189
"144",84,166
"145",103,174
"146",70,185
"147",62,170
"148",68,170
"149",67,175
"150",76,177
"151",55,170
"152",76,170
"153",73,179
"154",72,178
"155",96,185
"156",59,170
"157",70,175
"158",58,167
"159",84,170
"160",63,166
"161",75,170
"162",75,170
"163",56,167
"164",65,178
"165",55,170
"166",65,182
"167",76,186
"168",63,180
"169",67,175
"170",55,170
"171",80,180
"172",80,178
"173",75,171
"174",65,177
"175",71,171
"176",81,185
"177",89,169
"178",92,182
"179",61,171
"180",75,178
"181",74,175
"182",76,175
"183",85,185
"184",62,180
"185",61,173
"186",95,180
"187",70,170
"188",58,170
"189",85,170
"190",88,177
"191",69,172
"192",70,170
"193",74,189
"194",71,170
"195",61,161
"196",70,170
"197",79,181
"198",90,182
"199",79,183
"200",55,170
"201",55,172
"202",65,168
"203",60,170
"204",81,168
"205",83,175
"206",77,170
"207",80,170
"208",72,174
"209",70,170
"210",85,178
"211",80,170
"212",68,170
"213",78,165
"214",85,185
"215",70,190
"216",70,170
"217",78,183
"218",72,170
"219",55,170
"220",61,170
"221",83,180
"222",110,190
"223",75,170
"224",80,180
"225",62,170
"226",82,186
"227",100,180
"228",70,175
"229",70,175
"230",83,176
"231",68,175
"232",80,182
"233",93,178
"234",62,182
"235",74,175
"236",68,169
"237",70,170
"238",88,189
"239",65,175
"240",93,179
"241",84,170
"242",90,187
"243",70,170
"244",88,176
"245",76,174
"246",73,170
"247",60,170
"248",60,171
"249",65,175
"250",56,170
"251",91,186
"252",59,170
"253",70,170
"254",80,170
"255",69,169
"256",65,178
"257",56,170
"258",90,185
"259",55,168
"260",59,170
"261",68,171
"262",66,184
"263",93,184
"264",66,170
"265",103,176
"266",59,176
"267",64,170
"268",65,178
"269",78,173
"270",91,170
"271",56,170
"272",106,179
"273",78,170
"274",56,172
"275",55,170
"276",79,178
"277",60,180
"278",57,170
"279",70,167
"280",73,191
"281",80,170
"282",84,175
"283",60,167
"284",58,170
"285",70,170
"286",55,172
"287",65,170
"288",68,177
"289",97,176
"290",85,177
"291",55,172
"292",90,180
"293",55,170
"294",78,170
"295",87,187
"296",75,170
"297",74,180
"298",65,170
"299",68,180
"300",79,189
"301",55,170
"302",73,174
"303",72,172
"304",60,170
"305",75,180
"306",59,170
"307",90,172
"308",60,170
"309",55,170
"310",84,187
"311",90,180
"312",63,177
"313",61,175
"314",70,180
"315",81,180
"316",62,168
"317",81,180
"318",86,185
"319",60,175
"320",60,170
"321",55,163
"322",63,169
"323",79,180
"324",60,179
"325",55,159
"326",65,175
"327",61,165
"328",69,170
"329",62,168
"330",61,174
"331",68,169
"332",70,176
"333",69,179
"334",85,172
"335",55,160
"336",89,182
"337",65,170
"338",70,180
"339",75,180
"340",115,180
"341",65,176
"342",85,170
"343",86,178
"344",55,169
"345",107,185
"346",63,174
"347",65,165
"348",64,170
"349",84,174
"350",73,182
"351",55,165
"352",93,180
"353",63,178
"354",60,172
"355",55,170
"356",55,170
"357",81,180
"358",83,180
"359",71,172
"360",90,190
"361",85,179
"362",71,182
"363",60,170
"364",66,173
"365",90,181
"366",55,175
"367",106,184
"368",85,186
"369",58,175
"370",75,170
"371",70,175
"372",71,183
"373",56,168
"374",85,170
"375",92,187
"376",65,179
"377",73,175
"378",94,178
"379",84,170
"380",85,170
"381",63,170
"382",68,170
"383",80,189
"384",94,175
"385",75,175
"386",59,170
"387",55,164
"388",62,165
"389",55,182
"390",68,175
"391",59,185
"392",76,175
"393",80,175
"394",69,183
"395",55,160
"396",73,170
"397",77,170
"398",55,180
"399",70,180
"400",63,180
"401",89,170
"402",68,172
"403",61,172
"404",70,180
"405",84,170
"406",59,170
"407",80,175
"408",81,188
"409",55,165
"410",55,160
"411",73,182
"412",73,170
"413",65,178
"414",60,170
"415",73,175
"416",60,174
"417",85,177
"418",64,181
"419",78,182
"420",65,170
"421",105,193
"422",63,180
"423",59,175
"424",70,175
"425",64,175
"426",85,172
"427",69,170
"428",68,180
"429",76,180
"430",60,173
"431",69,183
"432",63,173
"433",80,178
"434",60,180
"435",65,170
"436",85,170
"437",57,167
"438",55,169
"439",65,170
"440",86,170
"441",67,170
"442",80,180
"443",75,185
"444",80,172
"445",60,175
"446",71,168
"447",98,193
"448",74,172
"449",56,170
"450",75,184
"451",83,170
"452",66,175
"453",75,165
"454",70,183
"455",76,170
"456",70,170
"457",80,187
"458",75,168
"459",75,170
"460",70,186
"461",80,180
"462",71,176
"463",70,177
"464",65,170
"465",69,170
"466",61,172
"467",65,166
"468",80,174
"469",70,170
"470",76,170
"471",90,177
"472",70,170
"473",79,184
"474",70,170
"475",82,180
"476",67,169
"477",67,170
"478",67,177
"479",68,170
"480",70,180
"481",62,184
"482",70,179
"483",74,172
"484",76,169
"485",80,175
"486",80,175
"487",83,180
"488",70,170
"489",65,175
"490",83,178
"491",74,179
"492",81,175
"493",62,158
"494",70,175
"495",96,180
"496",58,170
"497",80,185
"498",59,169
"499",68,161
"500",80,170
"501",80,179
"502",55,160
"503",55,174
"504",67,174
"505",96,170
"506",58,170
"507",90,180
"508",76,170
"509",92,170
"510",55,162
"511",71,175
"512",59,162
"513",75,184
"514",55,168
"515",82,185
"516",62,170
"517",70,169
"518",66,171
"519",83,178
"520",94,170
"521",85,177
"522",60,170
"523",55,173
"524",84,175
"525",64,175
"526",78,166
"527",91,170
"528",85,181
"529",70,175
"530",61,182
"531",78,181
"532",67,170
"533",72,181
"534",70,170
"535",80,195
"536",70,170
"537",85,190
"538",91,180
"539",75,170
"540",60,165
"541",73,180
"542",86,183
"543",64,169
"544",75,170
"545",85,186
"546",75,179
"547",93,169
"548",55,170
"549",64,169
"550",65,170
"551",72,182
"552",95,170
"553",57,175
"554",72,168
"555",75,178
"556",70,183
"557",92,180
"558",58,172
"559",61,181
"560",74,172
"561",75,169
"562",78,172
"563",71,184
"564",73,179
"565",74,169
"566",64,183
"567",80,170
"568",78,187
"569",78,178
"570",94,175
"571",87,165
"572",68,180
"573",58,189
"574",80,170
"575",75,188
"576",80,170
"577",67,173
"578",59,170
"579",76,174
"580",75,168
"581",116,180
"582",71,195
"583",70,172
"584",80,180
"585",55,170
"586",78,176
"587",63,167
"588",92,170
"589",70,183
"590",57,163
"591",80,170
"592",65,183
"593",60,170
"594",70,170
"595",65,171
"596",74,187
"597",60,170
"598",70,170
"599",70,170
"600",92,172
"601",108,198
"602",84,178
"603",55,169
"604",60,170
"605",76,178
"606",66,173
"607",58,170
"608",73,167
"609",59,170
"610",75,177
"611",78,182
"612",56,170
"613",64,175
"614",73,183
"615",70,183
"616",71,191
"617",64,170
"618",70,170
"619",60,187
"620",71,185
"621",61,169
"622",67,176
"623",55,175
"624",56,164
"625",70,170
"626",76,189
"627",70,175
"628",94,170
"629",57,164
"630",78,180
"631",55,170
"632",62,180
"633",70,175
"634",80,170
"635",58,163
"636",64,170
"637",60,174
"638",61,167
"639",64,177
"640",85,177
"641",64,168
"642",55,176
"643",60,170
"644",70,179
"645",63,170
"646",70,180
"647",95,175
"648",67,169
"649",55,170
"650",77,177
"651",67,172
"652",75,173
"653",55,163
"654",95,185
"655",65,165
"656",78,180
"657",68,168
"658",89,170
"659",97,187
"660",86,170
"661",70,173
"662",60,174
"663",68,182
"664",95,194
"665",69,171
"666",67,170
"667",68,175
"668",89,190
"669",90,180
"670",68,180
"671",69,190
"672",72,174
"673",60,180
"674",55,175
"675",80,157
"676",95,190
"677",69,180
"678",70,177
"679",67,172
"680",73,170
"681",82,200
"682",60,170
"683",65,169
"684",64,174
"685",60,174
"686",63,179
"687",60,170
"688",55,168
"689",58,175
"690",90,195
"691",60,180
"692",69,170
"693",69,170
"694",65,170
"695",90,187
"696",74,170
"697",63,169
"698",73,183
"699",80,180
"700",60,168
"701",58,170
"702",55,170
"703",68,177
"704",85,172
"705",70,170
"706",67,188
"707",80,177
"708",64,189
"709",80,172
"710",75,179
"711",55,160
"712",65,172
"713",60,170
"714",70,170
"715",55,166
"716",67,165
"717",74,175
"718",60,172
"719",86,177
"720",60,170
"721",71,186
"722",67,170
"723",60,170
"724",55,166
"725",110,191
"726",62,179
"727",91,170
"728",56,167
"729",80,183
"730",55,168
"731",63,180
"732",65,170
"733",81,175
"734",94,190
"735",70,180
"736",68,180
"737",72,182
"738",83,180
"739",64,179
"740",61,179
"741",61,180
"742",70,175
"743",72,170
"744",65,170
"745",92,187
"746",65,170
"747",68,170
"748",67,180
"749",65,175
"750",65,172
"751",63,170
"752",63,170
"753",55,178
"754",55,167
"755",76,176
"756",92,170
"757",90,180
"758",62,170
"759",70,184
"760",82,187
"761",61,170
"762",68,182
"763",61,168
"764",55,168
"765",91,188
"766",56,170
"767",90,170
"768",61,170
"769",62,175
"770",86,170
"771",65,170
"772",71,170
"773",95,175
"774",69,180
"775",58,171
"776",60,174
"777",56,175
"778",87,179
"779",64,175
"780",85,180
"781",74,170
"782",65,170
"783",91,174
"784",74,170
"785",55,170
"786",76,170
"787",80,170
"788",56,171
"789",60,177
"790",70,175
"791",70,175
"792",88,180
"793",63,176
"794",74,174
"795",99,180
"796",80,175
"797",106,170
"798",84,170
"799",60,172
"800",93,175
"801",72,180
"802",60,170
"803",70,170
"804",58,170
"805",59,170
"806",98,170
"807",73,176
"808",92,170
"809",61,170
"810",89,182
"811",58,170
"812",55,173
"813",67,180
"814",107,195
"815",68,170
"816",75,173
"817",55,169
"818",74,173
"819",60,180
"820",56,170
"821",80,180
"822",68,180
"823",73,177
"824",70,182
"825",55,176
"826",68,170
"827",65,170
"828",55,170
"829",60,170
"830",61,168
"831",82,170
"832",55,165
"833",70,183
"834",57,178
"835",66,170
"836",61,170
"837",63,170
"838",72,180
"839",60,167
"840",73,185
"841",70,170
"842",65,170
"843",57,170
"844",70,175
"845",79,185
"846",57,165
"847",59,171
"848",78,180
"849",64,164
"850",84,186
"851",87,180
"852",60,175
"853",87,164
"854",102,193
"855",55,170
"856",60,185
"857",61,175
"858",85,184
"859",81,180
"860",75,175
"861",55,167
"862",80,170
"863",62,170
"864",83,172
"865",55,170
"866",70,170
"867",64,180
"868",89,178
"869",90,175
"870",68,170
"871",82,163
"872",64,172
"873",73,182
"874",80,181
"875",65,177
"876",71,171
"877",89,172
"878",68,177
"879",74,170
"880",70,185
"881",84,170
"882",75,170
"883",83,175
"884",55,182
"885",60,170
"886",75,182
"887",55,175
"888",70,170
"889",56,178
"890",69,183
"891",64,174
"892",70,175
"893",70,180
"894",68,176
"895",55,162
"896",70,170
"897",90,170
"898",63,172
"899",56,157
"900",55,175
"901",68,170
"902",72,170
"903",68,172
"904",84,183
"905",81,175
"906",56,170
"907",70,170
"908",55,170
"909",85,177
"910",60,175
"911",70,170
"912",100,170
"913",70,170
"914",65,170
"915",81,173
"916",69,169
"917",68,175
"918",56,170
"919",70,173
"920",67,170
"921",61,170
"922",75,175
"923",60,170
"924",80,170
"925",67,170
"926",55,170
"927",56,172
"928",55,170
"929",62,180
"930",67,170
"931",72,170
"932",80,180
"933",71,170
"934",55,170
"935",71,190
"936",68,180
"937",70,170
"938",65,173
"939",70,170
"940",75,184
"941",58,160
"942",56,181
"943",78,168
"944",86,170
"945",60,170
"946",70,170
"947",70,176
"948",80,180
"949",60,173
"950",59,170
"951",87,170
"952",80,170
"953",67,175
"954",64,180
"955",72,170
"956",71,187
"957",80,170
"958",60,175
"959",59,162
"960",63,170
"961",72,180
"962",63,170
"963",56,178
"964",60,186
"965",58,170
"966",72,173
"967",68,187
"968",78,170
"969",60,170
"970",67,187
"971",60,165
"972",75,174
"973",55,170
"974",62,185
"975",60,175
"976",55,174
"977",73,172
"978",60,170
"979",62,170
"980",67,178
"981",60,180
"982",90,170
"983",76,166
"984",78,186
"985",80,174
"986",67,174
"987",59,176
"988",73,175
"989",60,177
"990",62,168
"991",89,176
"992",68,167
"993",109,174
"994",74,174
"995",62,171
"996",63,170
"997",75,173
"998",63,169
"999",60,173
"1000",57,170
"1001",64,183
"1002",65,170
"1003",81,178
"1004",69,172
"1005",51,174
"1006",60,180
"1007",84,184
"1008",84,179
"1009",84,178
"1010",59,189
"1011",60,180
"1012",86,160
"1013",70,170
"1014",75,170
"1015",71,180
"1016",62,175
"1017",74,174
"1018",95,192
"1019",88,185
"1020",67,172
"1021",61,170
"1022",68,190
"1023",59,172
"1024",60,168
"1025",76,180
"1026",93,171
"1027",70,179
"1028",59,182
"1029",60,169
"1030",73,180
"1031",59,180
"1032",74,171
"1033",78,189
"1034",70,160
"1035",57,175
"1036",95,190
"1037",72,170
"1038",56,175
"1039",75,185
"1040",57,170
"1041",75,180
"1042",78,184
"1043",57,171
"1044",60,170
"1045",70,170
"1046",64,177
"1047",72,170
"1048",80,180
"1049",69,170
"1050",62,176
"1051",70,175
"1052",67,172
"1053",60,164
"1054",75,177
"1055",72,170
"1056",70,185
"1057",70,180
"1058",79,179
"1059",65,185
"1060",95,187
"1061",60,180
"1062",67,185
"1063",61,174
"1064",71,172
"1065",70,176
"1066",79,180
"1067",70,175
"1068",70,175
"1069",59,170
"1070",100,188
"1071",60,179
"1072",60,175
"1073",55,165
"1074",94,184
"1075",61,170
"1076",83,184
"1077",78,159
"1078",77,188
"1079",112,180
"1080",57,170
"1081",55,170
"1082",65,177
"1083",74,170
"1084",70,170
"1085",76,182
"1086",84,180
"1087",65,180
"1088",64,190
"1089",78,180
"1090",61,170
"1091",91,175
"1092",87,190
"1093",80,185
"1094",74,164
"1095",69,178
"1096",65,184
"1097",84,178
"1098",67,180
"1099",75,193
"1100",65,182
"1101",76,174
"1102",74,170
"1103",80,184
"1104",83,175
"1105",75,171
"1106",68,175
"1107",68,170
"1108",78,187
"1109",58,169
"1110",84,184
"1111",59,170
"1112",67,170
"1113",55,170
"1114",61,170
"1115",55,171
"1116",59,175
"1117",90,184
"1118",80,180
"1119",55,170
"1120",67,176
"1121",60,181
"1122",69,172
"1123",80,180
"1124",65,175
"1125",85,170
"1126",70,180
"1127",82,175
"1128",100,180
"1129",80,170
"1130",61,170
"1131",85,170
"1132",60,170
"1133",82,170
"1134",83,175
"1135",76,184
"1136",75,170
"1137",75,182
"1138",63,172
"1139",62,173
"1140",78,177
"1141",64,165
"1142",76,185
"1143",75,172
"1144",90,186
"1145",80,184
"1146",79,181
"1147",120,185
"1148",78,170
"1149",55,170
"1150",55,170
"1151",70,170
"1152",86,170
"1153",75,168
"1154",57,170
"1155",71,170
"1156",94,189
"1157",55,170
"1158",60,183
"1159",55,172
"1160",75,179
"1161",58,167
"1162",55,175
"1163",87,186
"1164",70,170
"1165",70,187
"1166",70,170
"1167",62,180
"1168",75,182
"1169",92,180
"1170",62,180
"1171",61,176
"1172",67,200
"1173",62,173
"1174",79,176
"1175",68,174
"1176",85,177
"1177",78,178
"1178",62,170
"1179",75,175
"1180",68,170
"1181",61,175
"1182",65,169
"1183",60,170
"1184",58,170
"1185",56,170
"1186",67,170
"1187",85,171
"1188",58,175
"1189",60,161
"1190",90,175
"1191",70,178
"1192",72,175
"1193",72,178
"1194",60,185
"1195",65,170
"1196",55,168
"1197",78,180
"1198",90,170
"1199",55,169
"1200",85,178
"1201",61,183
"1202",80,170
"1203",74,168
"1204",70,171
"1205",83,183
"1206",70,170
"1207",63,171
"1208",66,171
"1209",81,180
"1210",74,176
"1211",67,187
"1212",62,176
"1213",84,170
"1214",85,180
"1215",75,158
"1216",55,170
"1217",64,181
"1218",98,175
"1219",80,180
"1220",80,170
"1221",84,185
"1222",90,176
"1223",80,173
"1224",65,170
"1225",80,181
"1226",72,180
"1227",57,170
"1228",85,167
"1229",88,189
"1230",55,178
"1231",82,182
"1232",64,177
"1233",59,170
"1234",82,175
"1235",65,169
"1236",68,169
"1237",59,172
"1238",100,183
"1239",70,168
"1240",84,185
"1241",60,170
"1242",75,185
"1243",69,170
"1244",103,170
"1245",58,180
"1246",58,170
"1247",92,184
"1248",65,173
"1249",79,175
"1250",70,180
"1251",92,180
"1252",71,178
"1253",55,155
"1254",80,170
"1255",60,180
"1256",69,174
"1257",72,179
"1258",82,167
"1259",70,174
"1260",87,189
"1261",73,170
"1262",104,175
"1263",95,182
"1264",60,175
"1265",87,170
"1266",60,174
"1267",68,170
"1268",64,170
"1269",80,170
"1270",66,170
"1271",84,170
"1272",68,179
"1273",64,169
"1274",68,170
"1275",65,170
"1276",85,170
"1277",71,166
"1278",69,171
"1279",87,187
"1280",30,120
"1281",78,180
"1282",62,174
"1283",56,170
"1284",75,178
"1285",80,170
"1286",60,178
"1287",75,173
"1288",85,170
"1289",67,170
"1290",70,171
"1291",64,170
"1292",57,170
"1293",58,166
"1294",78,174
"1295",87,181
"1296",60,174
"1297",70,180
"1298",70,185
"1299",55,176
"1300",75,180
"1301",91,173
"1302",67,182
"1303",60,170
"1304",56,173
"1305",75,172
"1306",58,170
"1307",75,175
"1308",69,180
"1309",70,175
"1310",74,170
"1311",63,170
"1312",72,174
"1313",64,176
"1314",75,174
"1315",100,180
"1316",69,175
"1317",79,167
"1318",88,181
"1319",81,170
"1320",70,170
"1321",70,170
"1322",73,171
"1323",105,185
"1324",80,178
"1325",67,178
"1326",60,170
"1327",95,184
"1328",86,167
"1329",57,170
"1330",58,170
"1331",95,177
"1332",63,170
"1333",76,170
"1334",136,180
"1335",89,179
"1336",95,180
"1337",81,180
"1338",72,170
"1339",60,170
"1340",65,175
"1341",61,180
"1342",71,170
"1343",75,189
"1344",66,174
"1345",92,169
"1346",57,170
"1347",56,170
"1348",71,177
"1349",83,187
"1350",58,175
"1351",72,170
"1352",59,168
"1353",74,179
"1354",55,168
"1355",62,173
"1356",98,178
"1357",55,174
"1358",71,170
"1359",78,178
"1360",74,172
"1361",86,185
"1362",79,180
"1363",60,173
"1364",80,180
"1365",56,179
"1366",60,163
"1367",74,172
"1368",68,172
"1369",75,175
"1370",72,170
"1371",75,177
"1372",58,170
"1373",62,179
"1374",68,177
"1375",84,176
"1376",55,170
"1377",109,179
"1378",68,178
"1379",70,180
"1380",58,177
"1381",66,170
"1382",80,181
"1383",71,170
"1384",60,170
"1385",71,170
"1386",75,170
"1387",59,181
"1388",72,184
"1389",70,173
"1390",63,170
"1391",72,188
"1392",84,191
"1393",71,181
"1394",64,168
"1395",55,181
"1396",69,170
"1397",60,178
"1398",78,178
"1399",74,174
"1400",61,177
"1401",75,180
"1402",75,183
"1403",65,164
"1404",65,159
"1405",73,182
"1406",60,180
"1407",60,178
"1408",89,190
"1409",64,163
"1410",80,171
"1411",89,175
"1412",60,160
"1413",80,180
"1414",60,170
"1415",69,172
"1416",84,170
"1417",82,173
"1418",70,175
"1419",82,174
"1420",77,170
"1421",74,172
"1422",72,170
"1423",58,166
"1424",65,170
"1425",69,172
"1426",84,170
"1427",60,170
"1428",84,180
"1429",73,176
"1430",70,175
"1431",89,180
"1432",68,168
"1433",62,170
"1434",64,172
"1435",78,182
"1436",72,170
"1437",63,175
"1438",65,175
"1439",64,180
"1440",70,170
"1441",70,170
"1442",78,185
"1443",83,166
"1444",72,170
"1445",79,183
"1446",70,170
"1447",68,170
"1448",98,179
"1449",72,170
"1450",98,190
"1451",70,175
"1452",75,180
"1453",58,170
"1454",96,188
"1455",71,174
"1456",77,180
"1457",61,170
"1458",60,187
"1459",60,183
"1460",68,175
"1461",74,180
"1462",70,176
"1463",60,168
"1464",62,172
"1465",90,185
"1466",65,180
"1467",76,168
"1468",75,178
"1469",59,176
"1470",60,170
"1471",87,168
"1472",80,180
"1473",70,170
"1474",75,183
"1475",92,179
"1476",64,172
"1477",80,170
"1478",60,173
"1479",70,175
"1480",86,176
"1481",89,180
"1482",95,177
"1483",60,172
"1484",56,178
"1485",79,168
"1486",75,170
"1487",70,170
"1488",106,180
"1489",90,180
"1490",60,170
"1491",92,170
"1492",63,170
"1493",61,170
"1494",66,166
"1495",110,175
"1496",55,170
"1497",67,174
"1498",70,180
"1499",61,170
"1500",60,174
"1501",78,170
"1502",78,183
"1503",65,170
"1504",73,170
"1505",65,170
"1506",60,173
"1507",87,182
"1508",65,170
"1509",69,170
"1510",70,180
"1511",60,170
"1512",55,170
"1513",84,179
"1514",65,179
"1515",66,176
"1516",60,174
"1517",56,178
"1518",80,179
"1519",87,179
"1520",65,175
"1521",86,180
"1522",70,177
"1523",86,170
"1524",70,170
"1525",56,170
"1526",68,169
"1527",73,184
"1528",75,194
"1529",72,170
"1530",56,182
"1531",95,178
"1532",60,180
"1533",74,170
"1534",79,180
"1535",101,186
"1536",76,170
"1537",73,172
"1538",78,170
"1539",55,175
"1540",60,173
"1541",60,170
"1542",76,171
"1543",64,176
"1544",55,155
"1545",74,166
"1546",70,175
"1547",63,180
"1548",62,182
"1549",70,178
"1550",80,186
"1551",56,175
"1552",55,170
"1553",73,179
"1554",60,172
"1555",65,170
"1556",94,184
"1557",89,170
"1558",70,180
"1559",69,173
"1560",56,173
"1561",65,170
"1562",85,180
"1563",98,185
"1564",90,170
"1565",55,163
"1566",76,171
"1567",55,170
"1568",79,179
"1569",68,170
"1570",69,170
"1571",79,189
"1572",56,170
"1573",55,170
"1574",58,170
"1575",68,170
"1576",75,180
"1577",85,180
"1578",70,176
"1579",99,180
"1580",70,170
"1581",61,170
"1582",90,170
"1583",73,172
"1584",80,194
"1585",73,183
"1586",60,180
"1587",90,185
"1588",72,180
"1589",55,168
"1590",82,180
"1591",68,170
"1592",60,170
"1593",75,180
"1594",61,174
"1595",60,168
"1596",60,170
"1597",59,170
"1598",60,180
"1599",66,173
"1600",80,170
"1601",60,170
"1602",64,176
"1603",60,173
"1604",89,180
"1605",98,170
"1606",55,160
"1607",60,175
"1608",67,170
"1609",80,170
"1610",87,187
"1611",62,163
"1612",55,170
"1613",68,176
"1614",71,168
"1615",70,170
"1616",55,170
"1617",90,177
"1618",72,182
"1619",84,169
"1620",98,189
"1621",90,181
"1622",60,175
"1623",57,178
"1624",70,170
"1625",81,180
"1626",84,174
"1627",60,167
"1628",55,168
"1629",70,187
"1630",60,170
"1631",68,183
"1632",57,178
"1633",90,173
"1634",72,180
"1635",60,170
"1636",71,170
"1637",89,170
"1638",71,180
"1639",78,188
"1640",66,183
"1641",85,185
"1642",82,177
"1643",98,170
"1644",63,182
"1645",85,170
"1646",69,170
"1647",61,170
"1648",74,170
"1649",87,187
"1650",68,175
"1651",75,176
"1652",71,170
"1653",64,179
"1654",75,175
"1655",70,174
"1656",80,170
"1657",89,177
"1658",72,180
"1659",65,188
"1660",60,170
"1661",70,170
"1662",103,193
"1663",98,183
"1664",78,180
"1665",95,175
"1666",62,169
"1667",112,194
"1668",75,183
"1669",86,173
"1670",61,190
"1671",60,160
"1672",68,169
"1673",67,170
"1674",82,169
"1675",82,170
"1676",60,173
"1677",70,175
"1678",70,172
"1679",60,173
"1680",70,177
"1681",70,180
"1682",61,170
"1683",55,170
"1684",60,170
"1685",70,170
"1686",62,170
"1687",78,172
"1688",63,174
"1689",70,187
"1690",82,186
"1691",68,170
"1692",58,170
"1693",72,175
"1694",55,170
"1695",75,170
"1696",61,170
"1697",69,170
"1698",71,185
"1699",87,175
"1700",70,180
"1701",90,170
"1702",64,180
"1703",79,178
"1704",74,181
"1705",62,166
"1706",72,170
"1707",63,178
"1708",59,180
"1709",77,178
"1710",97,180
"1711",78,167
"1712",67,173
"1713",73,173
"1714",65,170
"1715",80,197
"1716",80,181
"1717",68,183
"1718",78,174
"1719",60,167
"1720",87,172
"1721",81,166
"1722",55,169
"1723",98,191
"1724",57,172
"1725",58,162
"1726",60,180
"1727",61,170
"1728",82,176
"1729",69,185
"1730",60,170
"1731",70,174
"1732",71,170
"1733",55,162
"1734",110,185
"1735",55,170
"1736",103,180
"1737",58,170
"1738",58,172
"1739",65,174
"1740",55,160
"1741",80,175
"1742",55,183
"1743",76,170
"1744",76,171
"1745",68,172
"1746",70,180
"1747",64,184
"1748",85,170
"1749",75,169
"1750",77,177
"1751",64,172
"1752",59,170
"1753",70,163
"1754",90,174
"1755",57,172
"1756",60,180
"1757",67,176
"1758",68,170
"1759",75,170
"1760",70,170
"1761",55,170
"1762",63,180
"1763",59,170
"1764",78,174
"1765",60,170
"1766",85,176
"1767",58,178
"1768",73,171
"1769",83,180
"1770",61,189
"1771",76,170
"1772",63,180
"1773",98,170
"1774",80,176
"1775",96,182
"1776",94,168
"1777",69,170
"1778",69,167
"1779",76,172
"1780",55,170
"1781",58,175
"1782",72,187
"1783",80,170
"1784",76,176
"1785",75,185
"1786",62,172
"1787",87,180
"1788",70,172
"1789",60,175
"1790",60,184
"1791",80,175
"1792",60,170
"1793",70,175
"1794",60,178
"1795",74,180
"1796",60,175
"1797",80,175
"1798",70,175
"1799",77,180
"1800",80,175
"1801",61,170
"1802",62,170
"1803",65,170
"1804",83,192
"1805",65,170
"1806",58,180
"1807",97,177
"1808",77,174
"1809",70,170
"1810",65,170
"1811",97,180
"1812",80,177
"1813",75,178
"1814",65,175
"1815",55,170
"1816",63,174
"1817",59,176
"1818",68,172
"1819",70,183
"1820",85,170
"1821",68,170
"1822",71,170
"1823",65,172
"1824",70,177
"1825",70,180
"1826",83,170
"1827",75,183
"1828",71,175
"1829",60,174
"1830",69,184
"1831",57,173
"1832",66,171
"1833",89,193
"1834",78,170
"1835",95,184
"1836",60,190
"1837",79,178
"1838",73,170
"1839",97,172
"1840",88,188
"1841",70,165
"1842",82,174
"1843",60,168
"1844",85,170
"1845",80,180
"1846",78,173
"1847",72,175
"1848",78,178
"1849",59,180
"1850",55,168
"1851",69,170
"1852",75,179
"1853",57,170
"1854",70,170
"1855",81,174
"1856",65,183
"1857",64,177
"1858",58,170
"1859",60,175
"1860",86,185
"1861",63,170
"1862",57,175
"1863",75,172
"1864",61,178
"1865",86,175
"1866",70,170
"1867",70,185
"1868",55,162
"1869",66,173
"1870",70,175
"1871",60,170
"1872",95,169
"1873",76,186
"1874",75,180
"1875",62,180
"1876",70,172
"1877",90,170
"1878",72,175
"1879",97,172
"1880",55,174
"1881",60,164
"1882",75,189
"1883",75,167
"1884",61,184
"1885",55,170
"1886",90,181
"1887",60,180
"1888",87,173
"1889",81,181
"1890",57,172
"1891",61,180
"1892",70,171
"1893",64,178
"1894",58,170
"1895",78,170
"1896",63,172
"1897",67,175
"1898",73,188
"1899",80,175
"1900",81,173
"1901",70,175
"1902",74,172
"1903",71,176
"1904",76,174
"1905",81,174
"1906",70,175
"1907",65,180
"1908",80,170
"1909",55,170
"1910",57,178
"1911",81,172
"1912",64,164
"1913",55,177
"1914",60,175
"1915",75,171
"1916",79,178
"1917",105,185
"1918",57,180
"1919",68,180
"1920",76,172
"1921",74,182
"1922",60,170
"1923",63,170
"1924",63,179
"1925",90,180
"1926",70,173
"1927",91,170
"1928",62,185
"1929",68,170
"1930",55,163
"1931",55,175
"1932",61,177
"1933",63,168
"1934",73,184
"1935",55,170
"1936",59,172
"1937",70,189
"1938",61,170
"1939",100,180
"1940",70,170
"1941",61,170
"1942",80,179
"1943",68,175
"1944",61,170
"1945",94,178
"1946",70,179
"1947",72,171
"1948",65,163
"1949",75,170
"1950",69,166
"1951",71,180
"1952",63,175
"1953",68,171
"1954",70,170
"1955",73,174
"1956",64,180
"1957",58,170
"1958",63,178
"1959",88,180
"1960",78,178
"1961",75,170
"1962",68,170
"1963",70,175
"1964",146,198
"1965",71,170
"1966",87,185
"1967",58,160
"1968",75,180
"1969",59,175
"1970",93,170
"1971",98,180
"1972",55,170
"1973",78,170
"1974",90,170
"1975",67,175
"1976",75,175
"1977",69,179
"1978",71,170
"1979",55,185
"1980",86,172
"1981",62,170
"1982",60,179
"1983",74,183
"1984",79,170
"1985",55,165
"1986",63,181
"1987",76,170
"1988",87,184
"1989",72,180
"1990",92,178
"1991",92,182
"1992",70,164
"1993",60,170
"1994",98,187
"1995",55,178
"1996",75,170
"1997",70,175
"1998",64,170
"1999",76,170
"2000",83,168
"2001",66,171
"2002",64,175
"2003",59,178
"2004",90,194
"2005",55,179
"2006",78,178
"2007",61,170
"2008",98,187
"2009",73,163
"2010",70,170
"2011",80,182
"2012",85,175
"2013",58,175
"2014",89,170
"2015",100,170
"2016",55,175
"2017",60,165
"2018",68,170
"2019",70,180
"2020",61,173
"2021",89,181
"2022",60,174
"2023",83,187
"2024",72,187
"2025",70,170
"2026",85,180
"2027",55,165
"2028",85,170
"2029",64,173
"2030",101,185
"2031",76,170
"2032",80,170
"2033",75,178
"2034",63,175
"2035",61,170
"2036",67,168
"2037",80,190
"2038",60,175
"2039",70,170
"2040",57,170
"2041",62,172
"2042",98,170
"2043",90,174
"2044",72,170
"2045",80,180
"2046",78,170
"2047",61,170
"2048",76,170
"2049",92,190
"2050",72,180
"2051",61,175
"2052",64,177
"2053",75,172
"2054",65,180
"2055",80,175
"2056",81,180
"2057",80,168
"2058",64,170
"2059",69,170
"2060",55,170
"2061",80,184
"2062",58,163
"2063",55,170
"2064",70,180
"2065",60,160
"2066",70,176
"2067",74,160
"2068",60,167
"2069",98,187
"2070",78,170
"2071",109,186
"2072",65,170
"2073",69,185
"2074",64,170
"2075",90,180
"2076",79,170
"2077",71,182
"2078",70,170
"2079",86,184
"2080",98,180
"2081",55,170
"2082",61,170
"2083",74,170
"2084",113,175
"2085",82,170
"2086",66,178
"2087",76,186
"2088",83,175
"2089",70,170
"2090",57,170
"2091",60,170
"2092",65,170
"2093",70,180
"2094",80,191
"2095",83,188
"2096",55,175
"2097",63,178
"2098",88,180
"2099",107,194
"2100",62,170
"2101",63,183
"2102",74,173
"2103",62,170
"2104",75,170
"2105",70,190
"2106",61,172
"2107",109,193
"2108",60,171
"2109",62,170
"2110",80,178
"2111",62,178
"2112",67,175
"2113",63,165
"2114",55,169
"2115",97,188
"2116",61,171
"2117",80,175
"2118",73,174
"2119",57,178
"2120",78,170
"2121",55,165
"2122",74,177
"2123",80,175
"2124",56,175
"2125",77,182
"2126",60,170
"2127",88,180
"2128",60,170
"2129",67,174
"2130",106,187
"2131",84,170
"2132",80,175
"2133",80,169
"2134",60,180
"2135",85,175
"2136",90,190
"2137",95,181
"2138",58,180
"2139",57,162
"2140",69,179
"2141",70,170
"2142",90,168
"2143",82,182
"2144",67,170
"2145",73,166
"2146",72,170
"2147",68,180
"2148",71,170
"2149",59,172
"2150",70,177
"2151",67,178
"2152",55,170
"2153",85,170
"2154",69,170
"2155",75,170
"2156",55,167
"2157",84,182
"2158",70,170
"2159",79,175
"2160",82,175
"2161",80,183
"2162",62,180
"2163",65,173
"2164",86,185
"2165",76,189
"2166",56,182
"2167",76,189
"2168",76,186
"2169",78,174
"2170",85,189
"2171",86,183
"2172",69,179
"2173",67,173
"2174",55,163
"2175",70,170
"2176",68,178
"2177",96,183
"2178",55,168
"2179",84,170
"2180",70,170
"2181",100,185
"2182",59,170
"2183",64,185
"2184",65,180
"2185",89,170
"2186",56,172
"2187",69,170
"2188",82,175
"2189",83,165
"2190",73,170
"2191",74,174
"2192",80,175
"2193",62,170
"2194",64,164
"2195",62,180
"2196",65,170
"2197",68,170
"2198",84,170
"2199",78,180
"2200",63,181
"2201",59,169
"2202",70,174
"2203",78,170
"2204",66,173
"2205",70,172
"2206",63,180
"2207",80,174
"2208",78,178
"2209",70,175
"2210",73,180
"2211",55,159
"2212",55,178
"2213",70,170
"2214",75,173
"2215",67,166
"2216",71,180
"2217",63,170
"2218",101,175
"2219",68,170
"2220",70,170
"2221",71,170
"2222",106,175
"2223",65,172
"2224",70,182
"2225",95,188
"2226",60,169
"2227",60,162
"2228",62,170
"2229",70,170
"2230",67,188
"2231",59,170
"2232",80,180
"2233",61,178
"2234",79,183
"2235",70,170
"2236",65,171
"2237",65,171
"2238",82,182
"2239",84,170
"2240",72,183
"2241",63,170
"2242",70,170
"2243",65,168
"2244",67,173
"2245",74,180
"2246",60,175
"2247",92,178
"2248",80,170
"2249",65,174
"2250",75,185
"2251",92,170
"2252",55,164
"2253",73,178
"2254",75,174
"2255",60,175
"2256",80,180
"2257",85,185
"2258",82,190
"2259",62,170
"2260",55,165
"2261",77,171
"2262",67,173
"2263",70,190
"2264",72,171
"2265",NA,NA
"2266",NA,NA
"2267",NA,NA
"2268",NA,NA
"2269",NA,NA
"2270",NA,NA
"2271",NA,NA
"2272",NA,NA
"2273",NA,NA
"2274",NA,NA
"2275",NA,NA
"2276",NA,NA
"2277",NA,NA
"2278",NA,NA
"2279",NA,NA
"2280",NA,NA
"2281",NA,NA
"2282",NA,NA
"2283",NA,NA
"2284",NA,NA
"2285",NA,NA
"2286",NA,NA
"2287",NA,NA
"2288",NA,NA
"2289",NA,NA
"2290",NA,NA
"2291",NA,NA
"2292",NA,NA
"2293",NA,NA
"2294",NA,NA
"2295",NA,NA
"2296",NA,NA
"2297",NA,NA
"2298",NA,NA
"2299",NA,NA
"2300",NA,NA
"2301",NA,NA
"2302",NA,NA
"2303",NA,NA
"2304",NA,NA
"2305",NA,NA
"2306",NA,NA
"2307",NA,NA
"2308",NA,NA
"2309",NA,NA
"2310",NA,NA
"2311",NA,NA
"2312",NA,NA
"2313",NA,NA
"2314",NA,NA
"2315",NA,NA
"2316",NA,NA
"2317",NA,NA
"2318",NA,NA
"2319",NA,NA
"2320",NA,NA
"2321",NA,NA
"2322",NA,NA
"2323",NA,NA
"2324",NA,NA
"2325",NA,NA
"2326",NA,NA
"2327",NA,NA
"2328",NA,NA
"2329",NA,NA
"2330",NA,NA
"2331",NA,NA
"2332",NA,NA
"2333",NA,NA
"2334",NA,NA
"2335",NA,NA
"2336",NA,NA
"2337",NA,NA
"2338",NA,NA
"2339",NA,NA
"2340",NA,NA
"2341",NA,NA
"2342",NA,NA
"2343",NA,NA
"2344",NA,NA
"2345",NA,NA
"2346",NA,NA
"2347",NA,NA
"2348",NA,NA
"2349",NA,NA
"2350",NA,NA
"2351",NA,NA
"2352",NA,NA
"2353",NA,NA
"2354",NA,NA
"2355",NA,NA
"2356",NA,NA
"2357",NA,NA
"2358",NA,NA
"2359",NA,NA
"2360",NA,NA
"2361",NA,NA
"2362",NA,NA
"2363",NA,NA
"2364",NA,NA
"2365",NA,NA
"2366",NA,NA
"2367",NA,NA
"2368",NA,NA
"2369",NA,NA
"2370",NA,NA
"2371",NA,NA
"2372",NA,NA
"2373",NA,NA
"2374",NA,NA
"2375",NA,NA
"2376",NA,NA
"2377",NA,NA
"2378",NA,NA
"2379",NA,NA
"2380",NA,NA
"2381",NA,NA
"2382",NA,NA
"2383",NA,NA
"2384",NA,NA
"2385",NA,NA
"2386",NA,NA
"2387",NA,NA
"2388",NA,NA
"2389",NA,NA
"2390",NA,NA
"2391",NA,NA
"2392",NA,NA
"2393",NA,NA
"2394",NA,NA
"2395",NA,NA
"2396",NA,NA
"2397",NA,NA
"2398",NA,NA
"2399",NA,NA
"2400",NA,NA
"2401",NA,NA
"2402",NA,NA
"2403",NA,NA
"2404",NA,NA
"2405",NA,NA
"2406",NA,NA
"2407",NA,NA
"2408",NA,NA
"2409",NA,NA
"2410",NA,NA
"2411",NA,NA
"2412",NA,NA
"2413",NA,NA
"2414",NA,NA
"2415",NA,NA
"2416",NA,NA
"2417",NA,NA
"2418",NA,NA
"2419",NA,NA
"2420",NA,NA
"2421",NA,NA
"2422",NA,NA
"2423",NA,NA
"2424",NA,NA
"2425",NA,NA
"2426",NA,NA
"2427",NA,NA
"2428",NA,NA
"2429",NA,NA
"2430",NA,NA
"2431",NA,NA
"2432",NA,NA
"2433",NA,NA
"2434",NA,NA
"2435",NA,NA
"2436",NA,NA
"2437",NA,NA
"2438",NA,NA
"2439",NA,NA
"2440",NA,NA
"2441",NA,NA
"2442",NA,NA
"2443",NA,NA
"2444",NA,NA
"2445",NA,NA
"2446",NA,NA
"2447",NA,NA
"2448",NA,NA
"2449",NA,NA
"2450",NA,NA
"2451",NA,NA
"2452",NA,NA
"2453",NA,NA
"2454",NA,NA
"2455",NA,NA
"2456",NA,NA
"2457",NA,NA
"2458",NA,NA
"2459",NA,NA
"2460",NA,NA
"2461",NA,NA
"2462",NA,NA
"2463",NA,NA
"2464",NA,NA
"2465",NA,NA
"2466",NA,NA
"2467",NA,NA
"2468",NA,NA
"2469",NA,NA
"2470",NA,NA
"2471",NA,NA
"2472",NA,NA
"2473",NA,NA
"2474",NA,NA
"2475",NA,NA
"2476",NA,NA
"2477",NA,NA
"2478",NA,NA
"2479",NA,NA
"2480",NA,NA
"2481",NA,NA
"2482",NA,NA
"2483",NA,NA
"2484",NA,NA
"2485",NA,NA
"2486",NA,NA
"2487",NA,NA
"2488",NA,NA
"2489",NA,NA
"2490",NA,NA
"2491",NA,NA
"2492",NA,NA
"2493",NA,NA
"2494",NA,NA
"2495",NA,NA
"2496",NA,NA
"2497",NA,NA
"2498",NA,NA
"2499",NA,NA
"2500",NA,NA
"2501",NA,NA
"2502",NA,NA
"2503",NA,NA
"2504",NA,NA
"2505",NA,NA
"2506",NA,NA
"2507",NA,NA
"2508",NA,NA
"2509",NA,NA
"2510",NA,NA
"2511",NA,NA
"2512",NA,NA
"2513",NA,NA
"2514",NA,NA
"2515",NA,NA
"2516",NA,NA
"2517",NA,NA
"2518",NA,NA
"2519",NA,NA
"2520",NA,NA
"2521",NA,NA
"2522",NA,NA
"2523",NA,NA
"2524",NA,NA
"2525",NA,NA
"2526",NA,NA
"2527",NA,NA
"2528",NA,NA
"2529",NA,NA
"2530",NA,NA
"2531",NA,NA
"2532",NA,NA
"2533",NA,NA
"2534",NA,NA
"2535",NA,NA
"2536",NA,NA
"2537",NA,NA
"2538",NA,NA
"2539",NA,NA
"2540",NA,NA
"2541",NA,NA
"2542",NA,NA
"2543",NA,NA
"2544",NA,NA
"2545",NA,NA
"2546",NA,NA
"2547",NA,NA
"2548",NA,NA
"2549",NA,NA
"2550",NA,NA
"2551",NA,NA
"2552",NA,NA
"2553",NA,NA
"2554",NA,NA
"2555",NA,NA
"2556",NA,NA
"2557",NA,NA
"2558",NA,NA
"2559",NA,NA
"2560",NA,NA
"2561",NA,NA
"2562",NA,NA
"2563",NA,NA
"2564",NA,NA
"2565",NA,NA
"2566",NA,NA
"2567",NA,NA
"2568",NA,NA
"2569",NA,NA
"2570",NA,NA
"2571",NA,NA
"2572",NA,NA
"2573",NA,NA
"2574",NA,NA
"2575",NA,NA
"2576",NA,NA
"2577",NA,NA
"2578",NA,NA
"2579",NA,NA
"2580",NA,NA
"2581",NA,NA
"2582",NA,NA
"2583",NA,NA
"2584",NA,NA
"2585",NA,NA
"2586",NA,NA
"2587",NA,NA
"2588",NA,NA
"2589",NA,NA
"2590",NA,NA
"2591",NA,NA
"2592",NA,NA
"2593",NA,NA
"2594",NA,NA
"2595",NA,NA
"2596",NA,NA
"2597",NA,NA
"2598",NA,NA
"2599",NA,NA
"2600",NA,NA
"2601",NA,NA
"2602",NA,NA
"2603",NA,NA
"2604",NA,NA
"2605",NA,NA
"2606",NA,NA
"2607",NA,NA
"2608",NA,NA
"2609",NA,NA
"2610",NA,NA
"2611",NA,NA
"2612",NA,NA
"2613",NA,NA
"2614",NA,NA
"2615",NA,NA
"2616",NA,NA
"2617",NA,NA
"2618",NA,NA
"2619",NA,NA
"2620",NA,NA
"2621",NA,NA
"2622",NA,NA
"2623",NA,NA
"2624",NA,NA
"2625",NA,NA
"2626",NA,NA
"2627",NA,NA
"2628",NA,NA
"2629",NA,NA
"2630",NA,NA
"2631",NA,NA
"2632",NA,NA
"2633",NA,NA
"2634",NA,NA
"2635",NA,NA
"2636",NA,NA
"2637",NA,NA
"2638",NA,NA
"2639",NA,NA
"2640",NA,NA
"2641",NA,NA
"2642",NA,NA
"2643",NA,NA
"2644",NA,NA
"2645",NA,NA
"2646",NA,NA
"2647",NA,NA
"2648",NA,NA
"2649",NA,NA
"2650",NA,NA
"2651",NA,NA
"2652",NA,NA
"2653",NA,NA
"2654",NA,NA
"2655",NA,NA
"2656",NA,NA
"2657",NA,NA
"2658",NA,NA
"2659",NA,NA
"2660",NA,NA
"2661",NA,NA
"2662",NA,NA
"2663",NA,NA
"2664",NA,NA
"2665",NA,NA
"2666",NA,NA
"2667",NA,NA
"2668",NA,NA
"2669",NA,NA
"2670",NA,NA
"2671",NA,NA
"2672",NA,NA
"2673",NA,NA
"2674",NA,NA
"2675",NA,NA
"2676",NA,NA
"2677",NA,NA
"2678",NA,NA
"2679",NA,NA
"2680",NA,NA
"2681",NA,NA
"2682",NA,NA
"2683",NA,NA
"2684",NA,NA
"2685",NA,NA
"2686",NA,NA
"2687",NA,NA
"2688",NA,NA
"2689",NA,NA
"2690",NA,NA
"2691",NA,NA
"2692",NA,NA
"2693",NA,NA
"2694",NA,NA
"2695",NA,NA
"2696",NA,NA
"2697",NA,NA
"2698",NA,NA
"2699",NA,NA
"2700",NA,NA
"2701",NA,NA
"2702",NA,NA
"2703",NA,NA
"2704",NA,NA
"2705",NA,NA
"2706",NA,NA
"2707",NA,NA
"2708",NA,NA
"2709",NA,NA
"2710",NA,NA
"2711",NA,NA
"2712",NA,NA
"2713",NA,NA
"2714",NA,NA
"2715",NA,NA
"2716",NA,NA
"2717",NA,NA
"2718",NA,NA
"2719",NA,NA
"2720",NA,NA
"2721",NA,NA
"2722",NA,NA
"2723",NA,NA
"2724",NA,NA
"2725",NA,NA
"2726",NA,NA
"2727",NA,NA
"2728",NA,NA
"2729",NA,NA
"2730",NA,NA
"2731",NA,NA
"2732",NA,NA
"2733",NA,NA
"2734",NA,NA
"2735",NA,NA
"2736",NA,NA
"2737",NA,NA
"2738",NA,NA
"2739",NA,NA
"2740",NA,NA
"2741",NA,NA
"2742",NA,NA
"2743",NA,NA
"2744",NA,NA
"2745",NA,NA
"2746",NA,NA
"2747",NA,NA
"2748",NA,NA
"2749",NA,NA
"2750",NA,NA
"2751",NA,NA
"2752",NA,NA
"2753",NA,NA
"2754",NA,NA
"2755",NA,NA
"2756",NA,NA
"2757",NA,NA
"2758",NA,NA
"2759",NA,NA
"2760",NA,NA
"2761",NA,NA
"2762",NA,NA
"2763",NA,NA
"2764",NA,NA
"2765",NA,NA
"2766",NA,NA
"2767",NA,NA
"2768",NA,NA
"2769",NA,NA
"2770",NA,NA
"2771",NA,NA
"2772",NA,NA
"2773",NA,NA
"2774",NA,NA
"2775",NA,NA
"2776",NA,NA
"2777",NA,NA
"2778",NA,NA
"2779",NA,NA
"2780",NA,NA
"2781",NA,NA
"2782",NA,NA
"2783",NA,NA
"2784",NA,NA
"2785",NA,NA
"2786",NA,NA
"2787",NA,NA
"2788",NA,NA
"2789",NA,NA
"2790",NA,NA
"2791",NA,NA
"2792",NA,NA
"2793",NA,NA
"2794",NA,NA
"2795",NA,NA
"2796",NA,NA
"2797",NA,NA
"2798",NA,NA
"2799",NA,NA
"2800",NA,NA
"2801",NA,NA
"2802",NA,NA
"2803",NA,NA
"2804",NA,NA
"2805",NA,NA
"2806",NA,NA
"2807",NA,NA
"2808",NA,NA
"2809",NA,NA
"2810",NA,NA
"2811",NA,NA
"2812",NA,NA
"2813",NA,NA
"2814",NA,NA
"2815",NA,NA
"2816",NA,NA
"2817",NA,NA
"2818",NA,NA
"2819",NA,NA
"2820",NA,NA
"2821",NA,NA
"2822",NA,NA
"2823",NA,NA
"2824",NA,NA
"2825",NA,NA
"2826",NA,NA
"2827",NA,NA
"2828",NA,NA
"2829",NA,NA
"2830",NA,NA
"2831",NA,NA
"2832",NA,NA
"2833",NA,NA
"2834",NA,NA
"2835",NA,NA
"2836",NA,NA
"2837",NA,NA
"2838",NA,NA
"2839",NA,NA
"2840",NA,NA
"2841",NA,NA
"2842",NA,NA
"2843",NA,NA
"2844",NA,NA
"2845",NA,NA
"2846",NA,NA
"2847",NA,NA
"2848",NA,NA
"2849",NA,NA
"2850",NA,NA
"2851",NA,NA
"2852",NA,NA
"2853",NA,NA
"2854",NA,NA
"2855",NA,NA
"2856",NA,NA
"2857",NA,NA
"2858",NA,NA
"2859",NA,NA
"2860",NA,NA
"2861",NA,NA
"2862",NA,NA
"2863",NA,NA
"2864",NA,NA
"2865",NA,NA
"2866",NA,NA
"2867",NA,NA
"2868",NA,NA
"2869",NA,NA
"2870",NA,NA
"2871",NA,NA
"2872",NA,NA
"2873",NA,NA
"2874",NA,NA
"2875",NA,NA
"2876",NA,NA
"2877",NA,NA
"2878",NA,NA
"2879",NA,NA
"2880",NA,NA
"2881",NA,NA
"2882",NA,NA
"2883",NA,NA
"2884",NA,NA
"2885",NA,NA
"2886",NA,NA
"2887",NA,NA
"2888",NA,NA
"2889",NA,NA
"2890",NA,NA
"2891",NA,NA
"2892",NA,NA
"2893",NA,NA
"2894",NA,NA
"2895",NA,NA
"2896",NA,NA
"2897",NA,NA
"2898",NA,NA
"2899",NA,NA
"2900",NA,NA
"2901",NA,NA
"2902",NA,NA
"2903",NA,NA
"2904",NA,NA
"2905",NA,NA
"2906",NA,NA
"2907",NA,NA
"2908",NA,NA
"2909",NA,NA
"2910",NA,NA
"2911",NA,NA
"2912",NA,NA
"2913",NA,NA
"2914",NA,NA
"2915",NA,NA
"2916",NA,NA
"2917",NA,NA
"2918",NA,NA
"2919",NA,NA
"2920",NA,NA
"2921",NA,NA
"2922",NA,NA
"2923",NA,NA
"2924",NA,NA
"2925",NA,NA
"2926",NA,NA
"2927",NA,NA
"2928",NA,NA
"2929",NA,NA
"2930",NA,NA
"2931",NA,NA
"2932",NA,NA
"2933",NA,NA
"2934",NA,NA
"2935",NA,NA
"2936",NA,NA
"2937",NA,NA
"2938",NA,NA
"2939",NA,NA
"2940",NA,NA
"2941",NA,NA
"2942",NA,NA
"2943",NA,NA
"2944",NA,NA
"2945",NA,NA
"2946",NA,NA
"2947",NA,NA
"2948",NA,NA
"2949",NA,NA
"2950",NA,NA
"2951",NA,NA
"2952",NA,NA
"2953",NA,NA
"2954",NA,NA
"2955",NA,NA
"2956",NA,NA
"2957",NA,NA
"2958",NA,NA
"2959",NA,NA
"2960",NA,NA
"2961",NA,NA
"2962",NA,NA
"2963",NA,NA
"2964",NA,NA
"2965",NA,NA
"2966",NA,NA
"2967",NA,NA
"2968",NA,NA
"2969",NA,NA
"2970",NA,NA
"2971",NA,NA
"2972",NA,NA
"2973",NA,NA
"2974",NA,NA
"2975",NA,NA
"2976",NA,NA
"2977",NA,NA
"2978",NA,NA
"2979",NA,NA
"2980",NA,NA
"2981",NA,NA
"2982",NA,NA
"2983",NA,NA
"2984",NA,NA
"2985",NA,NA
"2986",NA,NA
"2987",NA,NA
"2988",NA,NA
"2989",NA,NA
"2990",NA,NA
"2991",NA,NA
"2992",NA,NA
"2993",NA,NA
"2994",NA,NA
"2995",NA,NA
"2996",NA,NA
"2997",NA,NA
"2998",NA,NA
"2999",NA,NA
"3000",NA,NA
"3001",NA,NA
"3002",NA,NA
"3003",NA,NA
"3004",NA,NA
"3005",NA,NA
"3006",NA,NA
"3007",NA,NA
"3008",NA,NA
"3009",NA,NA
"3010",NA,NA
"3011",NA,NA
"3012",NA,NA
"3013",NA,NA
"3014",NA,NA
"3015",NA,NA
"3016",NA,NA
"3017",NA,NA
"3018",NA,NA
"3019",NA,NA
"3020",NA,NA
"3021",NA,NA
"3022",NA,NA
"3023",NA,NA
"3024",NA,NA
"3025",NA,NA
"3026",NA,NA
"3027",NA,NA
"3028",NA,NA
"3029",NA,NA
"3030",NA,NA
"3031",NA,NA
"3032",NA,NA
"3033",NA,NA
"3034",NA,NA
"3035",NA,NA
"3036",NA,NA
"3037",NA,NA
"3038",NA,NA
"3039",NA,NA
"3040",NA,NA
"3041",NA,NA
"3042",NA,NA
"3043",NA,NA
"3044",NA,NA
"3045",NA,NA
"3046",NA,NA
"3047",NA,NA
"3048",NA,NA
"3049",NA,NA
"3050",NA,NA
"3051",NA,NA
"3052",NA,NA
"3053",NA,NA
"3054",NA,NA
"3055",NA,NA
"3056",NA,NA
"3057",NA,NA
"3058",NA,NA
"3059",NA,NA
"3060",NA,NA
"3061",NA,NA
"3062",NA,NA
"3063",NA,NA
"3064",NA,NA
"3065",NA,NA
"3066",NA,NA
"3067",NA,NA
"3068",NA,NA
"3069",NA,NA
"3070",NA,NA
"3071",NA,NA
"3072",NA,NA
"3073",NA,NA
"3074",NA,NA
"3075",NA,NA
"3076",NA,NA
"3077",NA,NA
"3078",NA,NA
"3079",NA,NA
"3080",NA,NA
"3081",NA,NA
"3082",NA,NA
"3083",NA,NA
"3084",NA,NA
"3085",NA,NA
"3086",NA,NA
"3087",NA,NA
"3088",NA,NA
"3089",NA,NA
"3090",NA,NA
"3091",NA,NA
"3092",NA,NA
"3093",NA,NA
"3094",NA,NA
"3095",NA,NA
"3096",NA,NA
"3097",NA,NA
"3098",NA,NA
"3099",NA,NA
"3100",NA,NA
"3101",NA,NA
"3102",NA,NA
"3103",NA,NA
"3104",NA,NA
"3105",NA,NA
"3106",NA,NA
"3107",NA,NA
"3108",NA,NA
"3109",NA,NA
"3110",NA,NA
"3111",NA,NA
"3112",NA,NA
"3113",NA,NA
"3114",NA,NA
"3115",NA,NA
"3116",NA,NA
"3117",NA,NA
"3118",NA,NA
"3119",NA,NA
"3120",NA,NA
"3121",NA,NA
"3122",NA,NA
"3123",NA,NA
"3124",NA,NA
"3125",NA,NA
"3126",NA,NA
"3127",NA,NA
"3128",NA,NA
"3129",NA,NA
"3130",NA,NA
"3131",NA,NA
"3132",NA,NA
"3133",NA,NA
"3134",NA,NA
"3135",NA,NA
"3136",NA,NA
"3137",NA,NA
"3138",NA,NA
"3139",NA,NA
"3140",NA,NA
"3141",NA,NA
"3142",NA,NA
"3143",NA,NA
"3144",NA,NA
"3145",NA,NA
"3146",NA,NA
"3147",NA,NA
"3148",NA,NA
"3149",NA,NA
"3150",NA,NA
"3151",NA,NA
"3152",NA,NA
"3153",NA,NA
"3154",NA,NA
"3155",NA,NA
"3156",NA,NA
"3157",NA,NA
"3158",NA,NA
"3159",NA,NA
"3160",NA,NA
"3161",NA,NA
"3162",NA,NA
"3163",NA,NA
"3164",NA,NA
"3165",NA,NA
"3166",NA,NA
"3167",NA,NA
"3168",NA,NA
"3169",NA,NA
"3170",NA,NA
"3171",NA,NA
"3172",NA,NA
"3173",NA,NA
"3174",NA,NA
"3175",NA,NA
"3176",NA,NA
"3177",NA,NA
"3178",NA,NA
"3179",NA,NA
"3180",NA,NA
"3181",NA,NA
"3182",NA,NA
"3183",NA,NA
"3184",NA,NA
"3185",NA,NA
"3186",NA,NA
"3187",NA,NA
"3188",NA,NA
"3189",NA,NA
"3190",NA,NA
"3191",NA,NA
"3192",NA,NA
"3193",NA,NA
"3194",NA,NA
"3195",NA,NA
"3196",NA,NA
"3197",NA,NA
"3198",NA,NA
"3199",NA,NA
"3200",NA,NA
"3201",NA,NA
"3202",NA,NA
"3203",NA,NA
"3204",NA,NA
"3205",NA,NA
"3206",NA,NA
"3207",NA,NA
"3208",NA,NA
"3209",NA,NA
"3210",NA,NA
"3211",NA,NA
"3212",NA,NA
"3213",NA,NA
"3214",NA,NA
"3215",NA,NA
"3216",NA,NA
"3217",NA,NA
"3218",NA,NA
"3219",NA,NA
"3220",NA,NA
"3221",NA,NA
"3222",NA,NA
"3223",NA,NA
"3224",NA,NA
"3225",NA,NA
"3226",NA,NA
"3227",NA,NA
"3228",NA,NA
"3229",NA,NA
"3230",NA,NA
"3231",NA,NA
"3232",NA,NA
"3233",NA,NA
"3234",NA,NA
"3235",NA,NA
"3236",NA,NA
"3237",NA,NA
"3238",NA,NA
"3239",NA,NA
"3240",NA,NA
"3241",NA,NA
"3242",NA,NA
"3243",NA,NA
"3244",NA,NA
"3245",NA,NA
"3246",NA,NA
"3247",NA,NA
"3248",NA,NA
"3249",NA,NA
"3250",NA,NA
"3251",NA,NA
"3252",NA,NA
"3253",NA,NA
"3254",NA,NA
"3255",NA,NA
"3256",NA,NA
"3257",NA,NA
"3258",NA,NA
"3259",NA,NA
"3260",NA,NA
"3261",NA,NA
"3262",NA,NA
"3263",NA,NA
"3264",NA,NA
"3265",NA,NA
"3266",NA,NA
"3267",NA,NA
"3268",NA,NA
"3269",NA,NA
"3270",NA,NA
"3271",NA,NA
"3272",NA,NA
"3273",NA,NA
"3274",NA,NA
"3275",NA,NA
"3276",NA,NA
"3277",NA,NA
"3278",NA,NA
"3279",NA,NA
"3280",NA,NA
"3281",NA,NA
"3282",NA,NA
"3283",NA,NA
"3284",NA,NA
"3285",NA,NA
"3286",NA,NA
"3287",NA,NA
"3288",NA,NA
"3289",NA,NA
"3290",NA,NA
"3291",NA,NA
"3292",NA,NA
"3293",NA,NA
"3294",NA,NA
"3295",NA,NA
"3296",NA,NA
"3297",NA,NA
"3298",NA,NA
"3299",NA,NA
"3300",NA,NA
"3301",NA,NA
"3302",NA,NA
"3303",NA,NA
"3304",NA,NA
"3305",NA,NA
"3306",NA,NA
"3307",NA,NA
"3308",NA,NA
"3309",NA,NA
"3310",NA,NA
"3311",NA,NA
"3312",NA,NA
"3313",NA,NA
"3314",NA,NA
"3315",NA,NA
"3316",NA,NA
"3317",NA,NA
"3318",NA,NA
"3319",NA,NA
"3320",NA,NA
"3321",NA,NA
"3322",NA,NA
"3323",NA,NA
"3324",NA,NA
"3325",NA,NA
"3326",NA,NA
"3327",NA,NA
"3328",NA,NA
"3329",NA,NA
"3330",NA,NA
"3331",NA,NA
"3332",NA,NA
"3333",NA,NA
"3334",NA,NA
"3335",NA,NA
"3336",NA,NA
"3337",NA,NA
"3338",NA,NA
"3339",NA,NA
"3340",NA,NA
"3341",NA,NA
"3342",NA,NA
"3343",NA,NA
"3344",NA,NA
"3345",NA,NA
"3346",NA,NA
"3347",NA,NA
"3348",NA,NA
"3349",NA,NA
"3350",NA,NA
"3351",NA,NA
"3352",NA,NA
"3353",NA,NA
"3354",NA,NA
"3355",NA,NA
"3356",NA,NA
"3357",NA,NA
"3358",NA,NA
"3359",NA,NA
"3360",NA,NA
"3361",NA,NA
"3362",NA,NA
"3363",NA,NA
"3364",NA,NA
"3365",NA,NA
"3366",NA,NA
"3367",NA,NA
"3368",NA,NA
"3369",NA,NA
"3370",NA,NA
"3371",NA,NA
"3372",NA,NA
"3373",NA,NA
"3374",NA,NA
"3375",NA,NA
"3376",NA,NA
"3377",NA,NA
"3378",NA,NA
"3379",NA,NA
"3380",NA,NA
"3381",NA,NA
"3382",NA,NA
"3383",NA,NA
"3384",NA,NA
"3385",NA,NA
"3386",NA,NA
"3387",NA,NA
"3388",NA,NA
"3389",NA,NA
"3390",NA,NA
"3391",NA,NA
"3392",NA,NA
"3393",NA,NA
"3394",NA,NA
"3395",NA,NA
"3396",NA,NA
"3397",NA,NA
"3398",NA,NA
"3399",NA,NA
"3400",NA,NA
"3401",NA,NA
"3402",NA,NA
"3403",NA,NA
"3404",NA,NA
"3405",NA,NA
"3406",NA,NA
"3407",NA,NA
"3408",NA,NA
"3409",NA,NA
"3410",NA,NA
"3411",NA,NA
"3412",NA,NA
"3413",NA,NA
"3414",NA,NA
"3415",NA,NA
"3416",NA,NA
"3417",NA,NA
"3418",NA,NA
"3419",NA,NA
"3420",NA,NA
"3421",NA,NA
"3422",NA,NA
"3423",NA,NA
"3424",NA,NA
"3425",NA,NA
"3426",NA,NA
"3427",NA,NA
"3428",NA,NA
"3429",NA,NA
"3430",NA,NA
"3431",NA,NA
"3432",NA,NA
"3433",NA,NA
"3434",NA,NA
"3435",NA,NA
"3436",NA,NA
"3437",NA,NA
"3438",NA,NA
"3439",NA,NA
"3440",NA,NA
"3441",NA,NA
"3442",NA,NA
"3443",NA,NA
"3444",NA,NA
"3445",NA,NA
"3446",NA,NA
"3447",NA,NA
"3448",NA,NA
"3449",NA,NA
"3450",NA,NA
"3451",NA,NA
"3452",NA,NA
"3453",NA,NA
"3454",NA,NA
"3455",NA,NA
"3456",NA,NA
"3457",NA,NA
"3458",NA,NA
"3459",NA,NA
"3460",NA,NA
"3461",NA,NA
"3462",NA,NA
"3463",NA,NA
"3464",NA,NA
"3465",NA,NA
"3466",NA,NA
"3467",NA,NA
"3468",NA,NA
"3469",NA,NA
"3470",NA,NA
"3471",NA,NA
"3472",NA,NA
"3473",NA,NA
"3474",NA,NA
"3475",NA,NA
"3476",NA,NA
"3477",NA,NA
"3478",NA,NA
"3479",NA,NA
"3480",NA,NA
"3481",NA,NA
"3482",NA,NA
"3483",NA,NA
"3484",NA,NA
"3485",NA,NA
"3486",NA,NA
"3487",NA,NA
"3488",NA,NA
"3489",NA,NA
"3490",NA,NA
"3491",NA,NA
"3492",NA,NA
"3493",NA,NA
"3494",NA,NA
"3495",NA,NA
"3496",NA,NA
"3497",NA,NA
"3498",NA,NA
"3499",NA,NA
"3500",NA,NA
"3501",NA,NA
"3502",NA,NA
"3503",NA,NA
"3504",NA,NA
"3505",NA,NA
"3506",NA,NA
"3507",NA,NA
"3508",NA,NA
"3509",NA,NA
"3510",NA,NA
"3511",NA,NA
"3512",NA,NA
"3513",NA,NA
"3514",NA,NA
"3515",NA,NA
"3516",NA,NA
"3517",NA,NA
"3518",NA,NA
"3519",NA,NA
"3520",NA,NA
"3521",NA,NA
"3522",NA,NA
"3523",NA,NA
"3524",NA,NA
"3525",NA,NA
"3526",NA,NA
"3527",NA,NA
"3528",NA,NA
"3529",NA,NA
"3530",NA,NA
"3531",NA,NA
"3532",NA,NA
"3533",NA,NA
"3534",NA,NA
"3535",NA,NA
"3536",NA,NA
"3537",NA,NA
"3538",NA,NA
"3539",NA,NA
"3540",NA,NA
"3541",NA,NA
"3542",NA,NA
"3543",NA,NA
"3544",NA,NA
"3545",NA,NA
"3546",NA,NA
"3547",NA,NA
"3548",NA,NA
"3549",NA,NA
"3550",NA,NA
"3551",NA,NA
"3552",NA,NA
"3553",NA,NA
"3554",NA,NA
"3555",NA,NA
"3556",NA,NA
"3557",NA,NA
"3558",NA,NA
"3559",NA,NA
"3560",NA,NA
"3561",NA,NA
"3562",NA,NA
"3563",NA,NA
"3564",NA,NA
"3565",NA,NA
"3566",NA,NA
"3567",NA,NA
"3568",NA,NA
"3569",NA,NA
"3570",NA,NA
"3571",NA,NA
"3572",NA,NA
"3573",NA,NA
"3574",NA,NA
"3575",NA,NA
"3576",NA,NA
"3577",NA,NA
"3578",NA,NA
"3579",NA,NA
"3580",NA,NA
"3581",NA,NA
"3582",NA,NA
"3583",NA,NA
"3584",NA,NA
"3585",NA,NA
"3586",NA,NA
"3587",NA,NA
"3588",NA,NA
"3589",NA,NA
"3590",NA,NA
"3591",NA,NA
"3592",NA,NA
"3593",NA,NA
"3594",NA,NA
"3595",NA,NA
"3596",NA,NA
"3597",NA,NA
"3598",NA,NA
"3599",NA,NA
"3600",NA,NA
"3601",NA,NA
"3602",NA,NA
"3603",NA,NA
"3604",NA,NA
"3605",NA,NA
"3606",NA,NA
"3607",NA,NA
"3608",NA,NA
"3609",NA,NA
"3610",NA,NA
"3611",NA,NA
"3612",NA,NA
"3613",NA,NA
"3614",NA,NA
"3615",NA,NA
"3616",NA,NA
"3617",NA,NA
"3618",NA,NA
"3619",NA,NA
"3620",NA,NA
"3621",NA,NA
"3622",NA,NA
"3623",NA,NA
"3624",NA,NA
"3625",NA,NA
"3626",NA,NA
"3627",NA,NA
"3628",NA,NA
"3629",NA,NA
"3630",NA,NA
"3631",NA,NA
"3632",NA,NA
"3633",NA,NA
"3634",NA,NA
"3635",NA,NA
"3636",NA,NA
"3637",NA,NA
"3638",NA,NA
"3639",NA,NA
"3640",NA,NA
"3641",NA,NA
"3642",NA,NA
"3643",NA,NA
"3644",NA,NA
"3645",NA,NA
"3646",NA,NA
"3647",NA,NA
"3648",NA,NA
"3649",NA,NA
"3650",NA,NA
"3651",NA,NA
"3652",NA,NA
"3653",NA,NA
"3654",NA,NA
"3655",NA,NA
"3656",NA,NA
"3657",NA,NA
"3658",NA,NA
"3659",NA,NA
"3660",NA,NA
"3661",NA,NA
"3662",NA,NA
"3663",NA,NA
"3664",NA,NA
"3665",NA,NA
"3666",NA,NA
"3667",NA,NA
"3668",NA,NA
"3669",NA,NA
"3670",NA,NA
"3671",NA,NA
"3672",NA,NA
"3673",NA,NA
"3674",NA,NA
"3675",NA,NA
"3676",NA,NA
"3677",NA,NA
"3678",NA,NA
"3679",NA,NA
"3680",NA,NA
"3681",NA,NA
"3682",NA,NA
"3683",NA,NA
"3684",NA,NA
"3685",NA,NA
"3686",NA,NA
"3687",NA,NA
"3688",NA,NA
"3689",NA,NA
"3690",NA,NA
"3691",NA,NA
"3692",NA,NA
"3693",NA,NA
"3694",NA,NA
"3695",NA,NA
"3696",NA,NA
"3697",NA,NA
"3698",NA,NA
"3699",NA,NA
"3700",NA,NA
"3701",NA,NA
"3702",NA,NA
"3703",NA,NA
"3704",NA,NA
"3705",NA,NA
"3706",NA,NA
"3707",NA,NA
"3708",NA,NA
"3709",NA,NA
"3710",NA,NA
"3711",NA,NA
"3712",NA,NA
"3713",NA,NA
"3714",NA,NA
"3715",NA,NA
"3716",NA,NA
"3717",NA,NA
"3718",NA,NA
"3719",NA,NA
"3720",NA,NA
"3721",NA,NA
"3722",NA,NA
"3723",NA,NA
"3724",NA,NA
"3725",NA,NA
"3726",NA,NA
"3727",NA,NA
"3728",NA,NA
"3729",NA,NA
"3730",NA,NA
"3731",NA,NA
"3732",NA,NA
"3733",NA,NA
"3734",NA,NA
"3735",NA,NA
"3736",NA,NA
"3737",NA,NA
"3738",NA,NA
"3739",NA,NA
"3740",NA,NA
"3741",NA,NA
"3742",NA,NA
"3743",NA,NA
"3744",NA,NA
"3745",NA,NA
"3746",NA,NA
"3747",NA,NA
"3748",NA,NA
"3749",NA,NA
"3750",NA,NA
"3751",NA,NA
"3752",NA,NA
"3753",NA,NA
"3754",NA,NA
"3755",NA,NA
"3756",NA,NA
"3757",NA,NA
"3758",NA,NA
"3759",NA,NA
"3760",NA,NA
"3761",NA,NA
"3762",NA,NA
"3763",NA,NA
"3764",NA,NA
"3765",NA,NA
"3766",NA,NA
"3767",NA,NA
"3768",NA,NA
"3769",NA,NA
"3770",NA,NA
"3771",NA,NA
"3772",NA,NA
"3773",NA,NA
"3774",NA,NA
"3775",NA,NA
"3776",NA,NA
"3777",NA,NA
"3778",NA,NA
"3779",NA,NA
"3780",NA,NA
"3781",NA,NA
"3782",NA,NA
"3783",NA,NA
"3784",NA,NA
"3785",NA,NA
"3786",NA,NA
"3787",NA,NA
"3788",NA,NA
"3789",NA,NA
"3790",NA,NA
"3791",NA,NA
"3792",NA,NA
"3793",NA,NA
"3794",NA,NA
"3795",NA,NA
"3796",NA,NA
"3797",NA,NA
"3798",NA,NA
"3799",NA,NA
"3800",NA,NA
"3801",NA,NA
"3802",NA,NA
"3803",NA,NA
"3804",NA,NA
"3805",NA,NA
"3806",NA,NA
"3807",NA,NA
"3808",NA,NA
"3809",NA,NA
"3810",NA,NA
"3811",NA,NA
"3812",NA,NA
"3813",NA,NA
"3814",NA,NA
"3815",NA,NA
"3816",NA,NA
"3817",NA,NA
"3818",NA,NA
"3819",NA,NA
"3820",NA,NA
"3821",NA,NA
"3822",NA,NA
"3823",NA,NA
"3824",NA,NA
"3825",NA,NA
"3826",NA,NA
"3827",NA,NA
"3828",NA,NA
"3829",NA,NA
"3830",NA,NA
"3831",NA,NA
"3832",NA,NA
"3833",NA,NA
"3834",NA,NA
"3835",NA,NA
"3836",NA,NA
"3837",NA,NA
"3838",NA,NA
"3839",NA,NA
"3840",NA,NA
"3841",NA,NA
"3842",NA,NA
"3843",NA,NA
"3844",NA,NA
"3845",NA,NA
"3846",NA,NA
"3847",NA,NA
"3848",NA,NA
"3849",NA,NA
"3850",NA,NA
"3851",NA,NA
"3852",NA,NA
"3853",NA,NA
"3854",NA,NA
"3855",NA,NA
"3856",NA,NA
"3857",NA,NA
"3858",NA,NA
"3859",NA,NA
"3860",NA,NA
"3861",NA,NA
"3862",NA,NA
"3863",NA,NA
"3864",NA,NA
"3865",NA,NA
"3866",NA,NA
"3867",NA,NA
"3868",NA,NA
"3869",NA,NA
"3870",NA,NA
"3871",NA,NA
"3872",NA,NA
"3873",NA,NA
"3874",NA,NA
"3875",NA,NA
"3876",NA,NA
"3877",NA,NA
"3878",NA,NA
"3879",NA,NA
"3880",NA,NA
"3881",NA,NA
"3882",NA,NA
"3883",NA,NA
"3884",NA,NA
"3885",NA,NA
"3886",NA,NA
"3887",NA,NA
"3888",NA,NA
"3889",NA,NA
"3890",NA,NA
"3891",NA,NA
"3892",NA,NA
"3893",NA,NA
"3894",NA,NA
"3895",NA,NA
"3896",NA,NA
"3897",NA,NA
"3898",NA,NA
"3899",NA,NA
"3900",NA,NA
"3901",NA,NA
"3902",NA,NA
"3903",NA,NA
"3904",NA,NA
"3905",NA,NA
"3906",NA,NA
"3907",NA,NA
"3908",NA,NA
"3909",NA,NA
"3910",NA,NA
"3911",NA,NA
"3912",NA,NA
"3913",NA,NA
"3914",NA,NA
"3915",NA,NA
"3916",NA,NA
"3917",NA,NA
"3918",NA,NA
"3919",NA,NA
"3920",NA,NA
"3921",NA,NA
"3922",NA,NA
"3923",NA,NA
"3924",NA,NA
"3925",NA,NA
"3926",NA,NA
"3927",NA,NA
"3928",NA,NA
"3929",NA,NA
"3930",NA,NA
"3931",NA,NA
"3932",NA,NA
"3933",NA,NA
"3934",NA,NA
"3935",NA,NA
"3936",NA,NA
"3937",NA,NA
"3938",NA,NA
"3939",NA,NA
"3940",NA,NA
"3941",NA,NA
"3942",NA,NA
"3943",NA,NA
"3944",NA,NA
"3945",NA,NA
"3946",NA,NA
"3947",NA,NA
"3948",NA,NA
"3949",NA,NA
"3950",NA,NA
"3951",NA,NA
"3952",NA,NA
"3953",NA,NA
"3954",NA,NA
"3955",NA,NA
"3956",NA,NA
"3957",NA,NA
"3958",NA,NA
"3959",NA,NA
"3960",NA,NA
"3961",NA,NA
"3962",NA,NA
"3963",NA,NA
"3964",NA,NA
"3965",NA,NA
"3966",NA,NA
"3967",NA,NA
"3968",NA,NA
"3969",NA,NA
"3970",NA,NA
"3971",NA,NA
"3972",NA,NA
"3973",NA,NA
"3974",NA,NA
"3975",NA,NA
"3976",NA,NA
"3977",NA,NA
"3978",NA,NA
"3979",NA,NA
"3980",NA,NA
"3981",NA,NA
"3982",NA,NA
"3983",NA,NA
"3984",NA,NA
"3985",NA,NA
"3986",NA,NA
"3987",NA,NA
"3988",NA,NA
"3989",NA,NA
"3990",NA,NA
"3991",NA,NA
"3992",NA,NA
"3993",NA,NA
"3994",NA,NA
"3995",NA,NA
"3996",NA,NA
"3997",NA,NA
"3998",NA,NA
"3999",NA,NA
"4000",NA,NA
"4001",NA,NA
"4002",NA,NA
"4003",NA,NA
"4004",NA,NA
"4005",NA,NA
"4006",NA,NA
"4007",NA,NA
"4008",NA,NA
"4009",NA,NA
"4010",NA,NA
"4011",NA,NA
"4012",NA,NA
"4013",NA,NA
"4014",NA,NA
"4015",NA,NA
"4016",NA,NA
"4017",NA,NA
"4018",NA,NA
"4019",NA,NA
"4020",NA,NA
"4021",NA,NA
"4022",NA,NA
"4023",NA,NA
"4024",NA,NA
"4025",NA,NA
"4026",NA,NA
"4027",NA,NA
"4028",NA,NA
"4029",NA,NA
"4030",NA,NA
"4031",NA,NA
"4032",NA,NA
"4033",NA,NA
"4034",NA,NA
"4035",NA,NA
"4036",NA,NA
"4037",NA,NA
"4038",NA,NA
"4039",NA,NA
"4040",NA,NA
"4041",NA,NA
"4042",NA,NA
"4043",NA,NA
"4044",NA,NA
"4045",NA,NA
"4046",NA,NA
"4047",NA,NA
"4048",NA,NA
"4049",NA,NA
"4050",NA,NA
"4051",NA,NA
"4052",NA,NA
"4053",NA,NA
"4054",NA,NA
"4055",NA,NA
"4056",NA,NA
"4057",NA,NA
"4058",NA,NA
"4059",NA,NA
"4060",NA,NA
"4061",NA,NA
"4062",NA,NA
"4063",NA,NA
"4064",NA,NA
"4065",NA,NA
"4066",NA,NA
"4067",NA,NA
"4068",NA,NA
"4069",NA,NA
"4070",NA,NA
"4071",NA,NA
"4072",NA,NA
"4073",NA,NA
"4074",NA,NA
"4075",NA,NA
"4076",NA,NA
"4077",NA,NA
"4078",NA,NA
"4079",NA,NA
"4080",NA,NA
"4081",NA,NA
"4082",NA,NA
"4083",NA,NA
"4084",NA,NA
"4085",NA,NA
"4086",NA,NA
"4087",NA,NA
"4088",NA,NA
"4089",NA,NA
"4090",NA,NA
"4091",NA,NA
"4092",NA,NA
"4093",NA,NA
"4094",NA,NA
"4095",NA,NA
"4096",NA,NA
"4097",NA,NA
"4098",NA,NA
"4099",NA,NA
"4100",NA,NA
"4101",NA,NA
"4102",NA,NA
"4103",NA,NA
"4104",NA,NA
"4105",NA,NA
"4106",NA,NA
"4107",NA,NA
"4108",NA,NA
"4109",NA,NA
"4110",NA,NA
"4111",NA,NA
"4112",NA,NA
"4113",NA,NA
"4114",NA,NA
"4115",NA,NA
"4116",NA,NA
"4117",NA,NA
"4118",NA,NA
"4119",NA,NA
"4120",NA,NA
"4121",NA,NA
"4122",NA,NA
"4123",NA,NA
"4124",NA,NA
"4125",NA,NA
"4126",NA,NA
"4127",NA,NA
"4128",NA,NA
"4129",NA,NA
"4130",NA,NA
"4131",NA,NA
"4132",NA,NA
"4133",NA,NA
"4134",NA,NA
"4135",NA,NA
"4136",NA,NA
"4137",NA,NA
"4138",NA,NA
"4139",NA,NA
"4140",NA,NA
"4141",NA,NA
"4142",NA,NA
"4143",NA,NA
"4144",NA,NA
"4145",NA,NA
"4146",NA,NA
"4147",NA,NA
"4148",NA,NA
"4149",NA,NA
"4150",NA,NA
"4151",NA,NA
"4152",NA,NA
"4153",NA,NA
"4154",NA,NA
"4155",NA,NA
"4156",NA,NA
"4157",NA,NA
"4158",NA,NA
"4159",NA,NA
"4160",NA,NA
"4161",NA,NA
"4162",NA,NA
"4163",NA,NA
"4164",NA,NA
"4165",NA,NA
"4166",NA,NA
"4167",NA,NA
"4168",NA,NA
"4169",NA,NA
"4170",NA,NA
"4171",NA,NA
"4172",NA,NA
"4173",NA,NA
"4174",NA,NA
"4175",NA,NA
"4176",NA,NA
"4177",NA,NA
"4178",NA,NA
"4179",NA,NA
"4180",NA,NA
"4181",NA,NA
"4182",NA,NA
"4183",NA,NA
"4184",NA,NA
"4185",NA,NA
"4186",NA,NA
"4187",NA,NA
"4188",NA,NA
"4189",NA,NA
"4190",NA,NA
"4191",NA,NA
"4192",NA,NA
"4193",NA,NA
"4194",NA,NA
"4195",NA,NA
"4196",NA,NA
"4197",NA,NA
"4198",NA,NA
"4199",NA,NA
"4200",NA,NA
"4201",NA,NA
"4202",NA,NA
"4203",NA,NA
"4204",NA,NA
"4205",NA,NA
"4206",NA,NA
"4207",NA,NA
"4208",NA,NA
"4209",NA,NA
"4210",NA,NA
"4211",NA,NA
"4212",NA,NA
"4213",NA,NA
"4214",NA,NA
"4215",NA,NA
"4216",NA,NA
"4217",NA,NA
"4218",NA,NA
"4219",NA,NA
"4220",NA,NA
"4221",NA,NA
"4222",NA,NA
"4223",NA,NA
"4224",NA,NA
"4225",NA,NA
"4226",NA,NA
"4227",NA,NA
"4228",NA,NA
"4229",NA,NA
"4230",NA,NA
"4231",NA,NA
"4232",NA,NA
"4233",NA,NA
"4234",NA,NA
"4235",NA,NA
"4236",NA,NA
"4237",NA,NA
"4238",NA,NA
"4239",NA,NA
"4240",NA,NA
"4241",NA,NA
"4242",NA,NA
"4243",NA,NA
"4244",NA,NA
"4245",NA,NA
"4246",NA,NA
"4247",NA,NA
"4248",NA,NA
"4249",NA,NA
"4250",NA,NA
"4251",NA,NA
"4252",NA,NA
"4253",NA,NA
"4254",NA,NA
"4255",NA,NA
"4256",NA,NA
"4257",NA,NA
"4258",NA,NA
"4259",NA,NA
"4260",NA,NA
"4261",NA,NA
"4262",NA,NA
"4263",NA,NA
"4264",NA,NA
"4265",NA,NA
"4266",NA,NA
"4267",NA,NA
"4268",NA,NA
"4269",NA,NA
"4270",NA,NA
"4271",NA,NA
"4272",NA,NA
"4273",NA,NA
"4274",NA,NA
"4275",NA,NA
"4276",NA,NA
"4277",NA,NA
"4278",NA,NA
"4279",NA,NA
"4280",NA,NA
"4281",NA,NA
"4282",NA,NA
"4283",NA,NA
"4284",NA,NA
"4285",NA,NA
"4286",NA,NA
"4287",NA,NA
"4288",NA,NA
"4289",NA,NA
"4290",NA,NA
"4291",NA,NA
"4292",NA,NA
"4293",NA,NA
"4294",NA,NA
"4295",NA,NA
"4296",NA,NA
"4297",NA,NA
"4298",NA,NA
"4299",NA,NA
"4300",NA,NA
"4301",NA,NA
"4302",NA,NA
"4303",NA,NA
"4304",NA,NA
"4305",NA,NA
"4306",NA,NA
"4307",NA,NA
"4308",NA,NA
"4309",NA,NA
"4310",NA,NA
"4311",NA,NA
"4312",NA,NA
"4313",NA,NA
"4314",NA,NA
"4315",NA,NA
"4316",NA,NA
"4317",NA,NA
"4318",NA,NA
"4319",NA,NA
"4320",NA,NA
"4321",NA,NA
"4322",NA,NA
"4323",NA,NA
"4324",NA,NA
"4325",NA,NA
"4326",NA,NA
"4327",NA,NA
"4328",NA,NA
"4329",NA,NA
"4330",NA,NA
"4331",NA,NA
"4332",NA,NA
"4333",NA,NA
"4334",NA,NA
"4335",NA,NA
"4336",NA,NA
"4337",NA,NA
"4338",NA,NA
"4339",NA,NA
"4340",NA,NA
"4341",NA,NA
"4342",NA,NA
"4343",NA,NA
"4344",NA,NA
"4345",NA,NA
"4346",NA,NA
"4347",NA,NA
"4348",NA,NA
"4349",NA,NA
"4350",NA,NA
"4351",NA,NA
"4352",NA,NA
"4353",NA,NA
"4354",NA,NA
"4355",NA,NA
"4356",NA,NA
"4357",NA,NA
"4358",NA,NA
"4359",NA,NA
"4360",NA,NA
"4361",NA,NA
"4362",NA,NA
"4363",NA,NA
"4364",NA,NA
"4365",NA,NA
"4366",NA,NA
"4367",NA,NA
"4368",NA,NA
"4369",NA,NA
"4370",NA,NA
"4371",NA,NA
"4372",NA,NA
"4373",NA,NA
"4374",NA,NA
"4375",NA,NA
"4376",NA,NA
"4377",NA,NA
"4378",NA,NA
"4379",NA,NA
"4380",NA,NA
"4381",NA,NA
"4382",NA,NA
"4383",NA,NA
"4384",NA,NA
"4385",NA,NA
"4386",NA,NA
"4387",NA,NA
"4388",NA,NA
"4389",NA,NA
"4390",NA,NA
"4391",NA,NA
"4392",NA,NA
"4393",NA,NA
"4394",NA,NA
"4395",NA,NA
"4396",NA,NA
"4397",NA,NA
"4398",NA,NA
"4399",NA,NA
"4400",NA,NA
"4401",NA,NA
"4402",NA,NA
"4403",NA,NA
"4404",NA,NA
"4405",NA,NA
"4406",NA,NA
"4407",NA,NA
"4408",NA,NA
"4409",NA,NA
"4410",NA,NA
"4411",NA,NA
"4412",NA,NA
"4413",NA,NA
"4414",NA,NA
"4415",NA,NA
"4416",NA,NA
"4417",NA,NA
"4418",NA,NA
"4419",NA,NA
"4420",NA,NA
"4421",NA,NA
"4422",NA,NA
"4423",NA,NA
"4424",NA,NA
"4425",NA,NA
"4426",NA,NA
"4427",NA,NA
"4428",NA,NA
"4429",NA,NA
"4430",NA,NA
"4431",NA,NA
"4432",NA,NA
"4433",NA,NA
"4434",NA,NA
"4435",NA,NA
"4436",NA,NA
"4437",NA,NA
"4438",NA,NA
"4439",NA,NA
"4440",NA,NA
"4441",NA,NA
"4442",NA,NA
"4443",NA,NA
"4444",NA,NA
"4445",NA,NA
"4446",NA,NA
"4447",NA,NA
"4448",NA,NA
"4449",NA,NA
"4450",NA,NA
"4451",NA,NA
"4452",NA,NA
"4453",NA,NA
"4454",NA,NA
"4455",NA,NA
"4456",NA,NA
"4457",NA,NA
"4458",NA,NA
"4459",NA,NA
"4460",NA,NA
"4461",NA,NA
"4462",NA,NA
"4463",NA,NA
"4464",NA,NA
"4465",NA,NA
"4466",NA,NA
"4467",NA,NA
"4468",NA,NA
"4469",NA,NA
"4470",NA,NA
"4471",NA,NA
"4472",NA,NA
"4473",NA,NA
"4474",NA,NA
"4475",NA,NA
"4476",NA,NA
"4477",NA,NA
"4478",NA,NA
"4479",NA,NA
"4480",NA,NA
"4481",NA,NA
"4482",NA,NA
"4483",NA,NA
"4484",NA,NA
"4485",NA,NA
"4486",NA,NA
"4487",NA,NA
"4488",NA,NA
"4489",NA,NA
"4490",NA,NA
"4491",NA,NA
"4492",NA,NA
"4493",NA,NA
"4494",NA,NA
"4495",NA,NA
"4496",NA,NA
"4497",NA,NA
"4498",NA,NA
"4499",NA,NA
"4500",NA,NA
"4501",NA,NA
"4502",NA,NA
"4503",NA,NA
"4504",NA,NA
"4505",NA,NA
"4506",NA,NA
"4507",NA,NA
"4508",NA,NA
"4509",NA,NA
"4510",NA,NA
"4511",NA,NA
"4512",NA,NA
"4513",NA,NA
"4514",NA,NA
"4515",NA,NA
"4516",NA,NA
"4517",NA,NA
"4518",NA,NA
"4519",NA,NA
"4520",NA,NA
"4521",NA,NA
"4522",NA,NA
"4523",NA,NA
"4524",NA,NA
"4525",NA,NA
"4526",NA,NA
"4527",NA,NA
"4528",NA,NA
"4529",NA,NA
"4530",NA,NA
"4531",NA,NA
"4532",NA,NA
"4533",NA,NA
"4534",NA,NA
"4535",NA,NA
"4536",NA,NA
"4537",NA,NA
"4538",NA,NA
"4539",NA,NA
"4540",NA,NA
"4541",NA,NA
"4542",NA,NA
"4543",NA,NA
"4544",NA,NA
"4545",NA,NA
"4546",NA,NA
"4547",NA,NA
"4548",NA,NA
"4549",NA,NA
"4550",NA,NA
"4551",NA,NA
"4552",NA,NA
"4553",NA,NA
"4554",NA,NA
"4555",NA,NA
"4556",NA,NA
"4557",NA,NA
"4558",NA,NA
"4559",NA,NA
"4560",NA,NA
"4561",NA,NA
"4562",NA,NA
"4563",NA,NA
"4564",NA,NA
"4565",NA,NA
"4566",NA,NA
"4567",NA,NA
"4568",NA,NA
"4569",NA,NA
"4570",NA,NA
"4571",NA,NA
"4572",NA,NA
"4573",NA,NA
"4574",NA,NA
"4575",NA,NA
"4576",NA,NA
"4577",NA,NA
"4578",NA,NA
"4579",NA,NA
"4580",NA,NA
"4581",NA,NA
"4582",NA,NA
"4583",NA,NA
"4584",NA,NA
"4585",NA,NA
"4586",NA,NA
"4587",NA,NA
"4588",NA,NA
"4589",NA,NA
"4590",NA,NA
"4591",NA,NA
"4592",NA,NA
"4593",NA,NA
"4594",NA,NA
"4595",NA,NA
"4596",NA,NA
"4597",NA,NA
"4598",NA,NA
"4599",NA,NA
"4600",NA,NA
"4601",NA,NA
"4602",NA,NA
"4603",NA,NA
"4604",NA,NA
"4605",NA,NA
"4606",NA,NA
"4607",NA,NA
"4608",NA,NA
"4609",NA,NA
"4610",NA,NA
"4611",NA,NA
"4612",NA,NA
"4613",NA,NA
"4614",NA,NA
"4615",NA,NA
"4616",NA,NA
"4617",NA,NA
"4618",NA,NA
"4619",NA,NA
"4620",NA,NA
"4621",NA,NA
"4622",NA,NA
"4623",NA,NA
"4624",NA,NA
"4625",NA,NA
"4626",NA,NA
"4627",NA,NA
"4628",NA,NA
"4629",NA,NA
"4630",NA,NA
"4631",NA,NA
"4632",NA,NA
"4633",NA,NA
"4634",NA,NA
"4635",NA,NA
"4636",NA,NA
"4637",NA,NA
"4638",NA,NA
"4639",NA,NA
"4640",NA,NA
"4641",NA,NA
"4642",NA,NA
"4643",NA,NA
"4644",NA,NA
"4645",NA,NA
"4646",NA,NA
"4647",NA,NA
"4648",NA,NA
"4649",NA,NA
"4650",NA,NA
"4651",NA,NA
"4652",NA,NA
"4653",NA,NA
"4654",NA,NA
"4655",NA,NA
"4656",NA,NA
"4657",NA,NA
"4658",NA,NA
"4659",NA,NA
"4660",NA,NA
"4661",NA,NA
"4662",NA,NA
"4663",NA,NA
"4664",NA,NA
"4665",NA,NA
"4666",NA,NA
"4667",NA,NA
"4668",NA,NA
"4669",NA,NA
"4670",NA,NA
"4671",NA,NA
"4672",NA,NA
"4673",NA,NA
"4674",NA,NA
"4675",NA,NA
"4676",NA,NA
"4677",NA,NA
"4678",NA,NA
"4679",NA,NA
"4680",NA,NA
"4681",NA,NA
"4682",NA,NA
"4683",NA,NA
"4684",NA,NA
"4685",NA,NA
"4686",NA,NA
"4687",NA,NA
"4688",NA,NA
"4689",NA,NA
"4690",NA,NA
"4691",NA,NA
"4692",NA,NA
"4693",NA,NA
"4694",NA,NA
"4695",NA,NA
"4696",NA,NA
"4697",NA,NA
"4698",NA,NA
"4699",NA,NA
"4700",NA,NA
"4701",NA,NA
"4702",NA,NA
"4703",NA,NA
"4704",NA,NA
"4705",NA,NA
"4706",NA,NA
"4707",NA,NA
"4708",NA,NA
"4709",NA,NA
"4710",NA,NA
"4711",NA,NA
"4712",NA,NA
"4713",NA,NA
"4714",NA,NA
"4715",NA,NA
"4716",NA,NA
"4717",NA,NA
"4718",NA,NA
"4719",NA,NA
"4720",NA,NA
"4721",NA,NA
"4722",NA,NA
"4723",NA,NA
"4724",NA,NA
"4725",NA,NA
"4726",NA,NA
"4727",NA,NA
"4728",NA,NA
"4729",NA,NA
"4730",NA,NA
"4731",NA,NA
"4732",NA,NA
"4733",NA,NA
"4734",NA,NA
"4735",NA,NA
"4736",NA,NA
"4737",NA,NA
"4738",NA,NA
"4739",NA,NA
"4740",NA,NA
"4741",NA,NA
"4742",NA,NA
"4743",NA,NA
"4744",NA,NA
"4745",NA,NA
"4746",NA,NA
"4747",NA,NA
"4748",NA,NA
"4749",NA,NA
"4750",NA,NA
"4751",NA,NA
"4752",NA,NA
"4753",NA,NA
"4754",NA,NA
"4755",NA,NA
"4756",NA,NA
"4757",NA,NA
"4758",NA,NA
"4759",NA,NA
"4760",NA,NA
"4761",NA,NA
"4762",NA,NA
"4763",NA,NA
"4764",NA,NA
"4765",NA,NA
"4766",NA,NA
"4767",NA,NA
"4768",NA,NA
"4769",NA,NA
"4770",NA,NA
"4771",NA,NA
"4772",NA,NA
"4773",NA,NA
"4774",NA,NA
"4775",NA,NA
"4776",NA,NA
"4777",NA,NA
"4778",NA,NA
"4779",NA,NA
"4780",NA,NA
"4781",NA,NA
"4782",NA,NA
"4783",NA,NA
"4784",NA,NA
"4785",NA,NA
"4786",NA,NA
"4787",NA,NA
"4788",NA,NA
"4789",NA,NA
"4790",NA,NA
"4791",NA,NA
"4792",NA,NA
"4793",NA,NA
"4794",NA,NA
"4795",NA,NA
"4796",NA,NA
"4797",NA,NA
"4798",NA,NA
"4799",NA,NA
"4800",NA,NA
"4801",NA,NA
"4802",NA,NA
"4803",NA,NA
"4804",NA,NA
"4805",NA,NA
"4806",NA,NA
"4807",NA,NA
"4808",NA,NA
"4809",NA,NA
"4810",NA,NA
"4811",NA,NA
"4812",NA,NA
"4813",NA,NA
"4814",NA,NA
"4815",NA,NA
"4816",NA,NA
"4817",NA,NA
"4818",NA,NA
"4819",NA,NA
"4820",NA,NA
"4821",NA,NA
"4822",NA,NA
"4823",NA,NA
"4824",NA,NA
"4825",NA,NA
"4826",NA,NA
"4827",NA,NA
"4828",NA,NA
"4829",NA,NA
"4830",NA,NA
"4831",NA,NA
"4832",NA,NA
"4833",NA,NA
"4834",NA,NA
"4835",NA,NA
"4836",NA,NA
"4837",NA,NA
"4838",NA,NA
"4839",NA,NA
"4840",NA,NA
"4841",NA,NA
"4842",NA,NA
"4843",NA,NA
"4844",NA,NA
"4845",NA,NA
"4846",NA,NA
"4847",NA,NA
"4848",NA,NA
"4849",NA,NA
"4850",NA,NA
"4851",NA,NA
"4852",NA,NA
"4853",NA,NA
"4854",NA,NA
"4855",NA,NA
"4856",NA,NA
"4857",NA,NA
"4858",NA,NA
"4859",NA,NA
"4860",NA,NA
"4861",NA,NA
"4862",NA,NA
"4863",NA,NA
"4864",NA,NA
"4865",NA,NA
"4866",NA,NA
"4867",NA,NA
"4868",NA,NA
"4869",NA,NA
"4870",NA,NA
"4871",NA,NA
"4872",NA,NA
"4873",NA,NA
"4874",NA,NA
"4875",NA,NA
"4876",NA,NA
"4877",NA,NA
"4878",NA,NA
"4879",NA,NA
"4880",NA,NA
"4881",NA,NA
"4882",NA,NA
"4883",NA,NA
"4884",NA,NA
"4885",NA,NA
"4886",NA,NA
"4887",NA,NA
"4888",NA,NA
"4889",NA,NA
"4890",NA,NA
"4891",NA,NA
"4892",NA,NA
"4893",NA,NA
"4894",NA,NA
"4895",NA,NA
"4896",NA,NA
"4897",NA,NA
"4898",NA,NA
"4899",NA,NA
"4900",NA,NA
"4901",NA,NA
"4902",NA,NA
"4903",NA,NA
"4904",NA,NA
"4905",NA,NA
"4906",NA,NA
"4907",NA,NA
"4908",NA,NA
"4909",NA,NA
"4910",NA,NA
"4911",NA,NA
"4912",NA,NA
"4913",NA,NA
"4914",NA,NA
"4915",NA,NA
"4916",NA,NA
"4917",NA,NA
"4918",NA,NA
"4919",NA,NA
"4920",NA,NA
"4921",NA,NA
"4922",NA,NA
"4923",NA,NA
"4924",NA,NA
"4925",NA,NA
"4926",NA,NA
"4927",NA,NA
"4928",NA,NA
"4929",NA,NA
"4930",NA,NA
"4931",NA,NA
"4932",NA,NA
"4933",NA,NA
"4934",NA,NA
"4935",NA,NA
"4936",NA,NA
"4937",NA,NA
"4938",NA,NA
"4939",NA,NA
"4940",NA,NA
"4941",NA,NA
"4942",NA,NA
"4943",NA,NA
"4944",NA,NA
"4945",NA,NA
"4946",NA,NA
"4947",NA,NA
"4948",NA,NA
"4949",NA,NA
"4950",NA,NA
"4951",NA,NA
"4952",NA,NA
"4953",NA,NA
"4954",NA,NA
"4955",NA,NA
"4956",NA,NA
"4957",NA,NA
"4958",NA,NA
"4959",NA,NA
"4960",NA,NA
"4961",NA,NA
"4962",NA,NA
"4963",NA,NA
"4964",NA,NA
"4965",NA,NA
"4966",NA,NA
"4967",NA,NA
"4968",NA,NA
"4969",NA,NA
"4970",NA,NA
"4971",NA,NA
"4972",NA,NA
"4973",NA,NA
"4974",NA,NA
"4975",NA,NA
"4976",NA,NA
"4977",NA,NA
"4978",NA,NA
"4979",NA,NA
"4980",NA,NA
"4981",NA,NA
"4982",NA,NA
"4983",NA,NA
"4984",NA,NA
"4985",NA,NA
"4986",NA,NA
"4987",NA,NA
"4988",NA,NA
"4989",NA,NA
"4990",NA,NA
"4991",NA,NA
"4992",NA,NA
"4993",NA,NA
"4994",NA,NA
"4995",NA,NA
"4996",NA,NA
"4997",NA,NA
"4998",NA,NA
"4999",NA,NA
"5000",NA,NA
"5001",NA,NA
"5002",NA,NA
"5003",NA,NA
"5004",NA,NA
"5005",NA,NA
"5006",NA,NA
"5007",NA,NA
"5008",NA,NA
"5009",NA,NA
"5010",NA,NA
"5011",NA,NA
"5012",NA,NA
"5013",NA,NA
"5014",NA,NA
"5015",NA,NA
"5016",NA,NA
"5017",NA,NA
"5018",NA,NA
"5019",NA,NA
"5020",NA,NA
"5021",NA,NA
"5022",NA,NA
"5023",NA,NA
"5024",NA,NA
"5025",NA,NA
"5026",NA,NA
"5027",NA,NA
"5028",NA,NA
"5029",NA,NA
"5030",NA,NA
"5031",NA,NA
"5032",NA,NA
"5033",NA,NA
"5034",NA,NA
"5035",NA,NA
"5036",NA,NA
"5037",NA,NA
"5038",NA,NA
"5039",NA,NA
"5040",NA,NA
"5041",NA,NA
"5042",NA,NA
"5043",NA,NA
"5044",NA,NA
"5045",NA,NA
"5046",NA,NA
"5047",NA,NA
"5048",NA,NA
"5049",NA,NA
"5050",NA,NA
"5051",NA,NA
"5052",NA,NA
